idx,f1,f2,f3,f4,f5,f6,f7,f8,o
0,0.42,0.44,0.48,0.54,0.5,0,0.48,0.22,MIT
1,0.5,0.54,0.48,0.65,0.5,0,0.53,0.22,MIT
2,0.4,0.42,0.57,0.35,0.5,0,0.53,0.25,CYT
3,0.51,0.51,0.52,0.51,0.5,0,0.54,0.22,MIT
4,0.53,0.54,0.43,0.1,0.5,0,0.57,0.32,NUC
5,0.51,0.51,0.43,0.87,0.5,0,0.52,0.22,MIT
6,0.74,0.67,0.47,0.34,0.5,0,0.42,0.22,EXC
7,0.4,0.45,0.57,0.18,0.5,0,0.56,0.26,CYT
8,0.37,0.36,0.56,0.18,0.5,0,0.48,0.26,VAC
9,0.74,0.75,0.58,0.47,0.5,0,0.4,0.35,ME2
10,0.53,0.44,0.51,0.33,0.5,0,0.55,0.22,CYT
11,0.54,0.48,0.44,0.08,0.5,0,0.52,0.27,CYT
12,0.6,0.47,0.45,0.22,0.5,0,0.51,0.29,CYT
13,0.81,0.85,0.47,0.37,0.5,0,0.56,0.22,EXC
14,0.5,0.58,0.46,0.46,0.5,0,0.46,0.22,MIT
15,0.51,0.54,0.6,0.57,0.5,0,0.58,0.22,MIT
16,0.67,0.62,0.4,0.43,0.5,0.83,0.5,0.22,MIT
17,0.42,0.47,0.52,0.41,0.5,0,0.53,0.32,CYT
18,0.36,0.58,0.35,0.24,0.5,0,0.44,0.22,ME3
19,0.36,0.43,0.39,0.12,0.5,0,0.49,0.22,ME3
20,0.65,0.65,0.52,0.16,0.5,0,0.6,0.22,CYT
21,0.47,0.47,0.57,0.48,0.5,0,0.48,0.22,MIT
22,0.35,0.52,0.48,0.22,0.5,0,0.26,0.22,MIT
23,0.54,0.55,0.34,0.31,0.5,0,0.54,0.22,ME3
24,0.4,0.38,0.53,0.16,0.5,0,0.52,0.27,NUC
25,0.5,0.64,0.57,0.15,0.5,0,0.47,0.22,CYT
26,0.39,0.58,0.5,0.26,0.5,0,0.54,0.59,ME3
27,0.39,0.47,0.56,0.16,0.5,0,0.47,0.22,CYT
28,0.58,0.48,0.51,0.47,0.5,0,0.55,0.22,NUC
29,0.43,0.57,0.53,0.16,0.5,0,0.54,0.22,CYT
30,0.26,0.36,0.47,0.34,0.5,0,0.53,0.72,NUC
31,0.36,0.68,0.46,0.16,0.5,0,0.53,0.28,NUC
32,0.42,0.31,0.5,0.15,0.5,0,0.53,0.22,NUC
33,0.67,0.71,0.52,0.65,0.5,0,0.53,0.36,NUC
34,0.26,0.5,0.33,0.28,0.5,0,0.51,0.22,ME3
35,0.31,0.44,0.53,0.23,0.5,0,0.51,0.32,NUC
36,0.38,0.68,0.44,0.45,0.5,0,0.53,0.22,MIT
37,0.48,0.64,0.61,0.23,0.5,0,0.6,0.22,CYT
38,0.32,0.42,0.52,0.24,0.5,0,0.6,0.22,CYT
39,0.42,0.58,0.41,0.65,0.5,0,0.46,0.26,MIT
40,0.59,0.61,0.34,0.22,0.5,0,0.51,0.22,MIT
41,0.52,0.77,0.38,0.34,0.5,0,0.51,0.22,MIT
42,0.5,0.52,0.6,0.51,0.5,0,0.48,0.22,MIT
43,0.77,0.79,0.58,0.23,0.5,0,0.48,0.22,EXC
44,0.82,0.75,0.54,0.23,0.5,0,0.46,0.22,EXC
45,0.4,0.56,0.48,0.14,0.5,0,0.47,0.22,MIT
46,0.42,0.57,0.72,0.22,0.5,0,0.57,0.22,MIT
47,0.44,0.53,0.52,0.23,0.5,0.83,0.51,0.22,POX
48,0.59,0.58,0.56,0.21,0.5,0,0.54,0.33,NUC
49,0.27,0.36,0.6,0.33,0.5,0,0.37,0.31,NUC
50,0.35,0.4,0.59,0.22,0.5,0,0.47,0.37,NUC
51,0.83,0.58,0.33,0.04,0.5,0,0.53,0.22,ME2
52,0.52,0.54,0.5,0.21,0.5,0,0.48,0.3,CYT
53,0.55,0.46,0.53,0.11,0.5,0,0.52,0.48,CYT
54,0.92,0.61,0.4,0.22,0.5,0,0.54,0.22,ME2
55,0.55,0.56,0.45,0.14,0.5,0,0.54,0.22,CYT
56,0.63,0.61,0.41,0.22,0.5,0,0.51,0.22,ME3
57,0.34,0.38,0.45,0.19,0.5,0,0.51,0.22,ME2
58,0.77,0.8,0.51,0.4,1,0,0.54,0.22,ERL
59,0.57,0.61,0.45,0.26,0.5,0,0.5,0.22,CYT
60,0.25,0.4,0.51,0.18,0.5,0,0.5,0.27,CYT
61,0.54,0.57,0.52,0.19,0.5,0,0.59,0.67,NUC
62,0.42,0.52,0.4,0.17,0.5,0,0.5,0.26,ME3
63,0.91,0.77,0.34,0.47,0.5,0,0.52,0.31,ME1
64,0.41,0.39,0.51,0.52,0.5,0,0.49,0.22,CYT
65,0.69,0.6,0.5,0.31,0.5,0,0.55,0.22,CYT
66,0.55,0.66,0.57,0.32,0.5,0,0.57,0.34,CYT
67,0.23,0.3,0.58,0.22,0.5,0,0.48,0.27,NUC
68,0.31,0.31,0.54,0.18,0.5,0,0.52,0.29,NUC
69,0.91,0.69,0.57,0.45,0.5,0,0.56,0.22,ME2
70,0.59,0.43,0.52,0.19,0.5,0,0.55,0.27,CYT
71,0.49,0.31,0.34,0.13,0.5,0,0.52,0.22,ME3
72,0.58,0.48,0.56,0.1,0.5,0,0.46,0.25,NUC
73,0.58,0.48,0.56,0.12,0.5,0,0.46,0.25,NUC
74,0.58,0.45,0.48,0.24,0.5,0,0.52,0.37,CYT
75,0.41,0.6,0.53,0.29,0.5,0,0.47,0.43,NUC
76,0.69,0.5,0.49,0.42,0.5,0,0.49,0.22,MIT
77,0.21,0.38,0.49,0.16,0.5,0,0.51,0.45,CYT
78,0.46,0.57,0.57,0.15,0.5,0,0.52,0.26,NUC
79,0.57,0.59,0.5,0.58,0.5,0,0.53,0.22,MIT
80,0.44,0.42,0.62,0.14,0.5,0,0.55,0.37,NUC
81,0.39,0.39,0.55,0.52,0.5,0,0.37,0.16,NUC
82,0.51,0.48,0.58,0.22,0.5,0,0.5,0.28,NUC
83,0.53,0.53,0.53,0.17,0.5,0,0.49,0.37,NUC
84,0.32,0.34,0.61,0.17,0.5,0,0.52,0.32,NUC
85,0.41,0.43,0.5,0.28,0.5,0,0.5,0.22,CYT
86,0.49,0.4,0.34,0.26,0.5,0,0.5,0.22,ME3
87,0.52,0.5,0.53,0.1,0.5,0,0.48,0.22,POX
88,0.53,0.56,0.49,0.46,0.5,0,0.52,0.22,MIT
89,0.51,0.52,0.48,0.5,0.5,0,0.51,0.22,MIT
90,0.45,0.59,0.53,0.74,0.5,0,0.47,0.25,MIT
91,0.47,0.63,0.66,0.45,0.5,0,0.37,0.11,MIT
92,0.56,0.45,0.59,0.14,0.5,0,0.51,0.26,NUC
93,0.5,0.46,0.42,0.32,0.5,0,0.56,0.55,ME3
94,0.81,0.76,0.32,0.37,0.5,0,0.51,0.22,ME2
95,0.42,0.25,0.6,0.14,0.5,0,0.45,0.22,CYT
96,0.67,0.63,0.34,0.41,0.5,0,0.6,0.33,ME1
97,0.57,0.49,0.48,0.16,0.5,0,0.51,0.22,NUC
98,0.43,0.32,0.56,0.27,0.5,0,0.47,0.27,NUC
99,0.84,0.87,0.45,0.54,0.5,0,0.28,0.22,ME1
100,0.89,0.82,0.6,0.49,0.5,0,0.55,0.22,ME2
101,0.37,0.55,0.29,0.32,0.5,0,0.51,0.22,ME3
102,0.52,0.48,0.54,0.28,0.5,0,0.54,0.22,NUC
103,0.52,0.62,0.54,0.19,0.5,0,0.5,0.22,MIT
104,0.46,0.4,0.38,0.18,0.5,0,0.49,0.22,ME3
105,0.5,0.45,0.48,0.17,0.5,0,0.5,0.26,CYT
106,0.39,0.37,0.33,0.23,0.5,0,0.52,0.26,ME3
107,0.41,0.41,0.51,0.19,0.5,0,0.57,0.22,MIT
108,0.5,0.49,0.52,0.2,0.5,0,0.43,0.52,NUC
109,0.32,0.47,0.55,0.25,0.5,0,0.49,0.22,MIT
110,0.49,0.48,0.46,0.63,0.5,0,0.52,0.22,MIT
111,0.34,0.54,0.54,0.13,0.5,0,0.52,0.22,CYT
112,0.43,0.83,0.55,0.2,0.5,0,0.47,0.4,NUC
113,0.36,0.4,0.53,0.48,0.5,0,0.48,0.22,MIT
114,0.57,0.4,0.62,0.3,0.5,0,0.48,0.11,MIT
115,0.42,0.53,0.53,0.64,0.5,0,0.47,0.22,MIT
116,0.41,0.52,0.53,0.41,0.5,0,0.39,0.33,MIT
117,0.58,0.52,0.61,0.33,0.5,0,0.38,0.11,MIT
118,0.64,0.64,0.56,0.21,0.5,0,0.5,0.22,MIT
119,0.53,0.52,0.61,0.35,0.5,0,0.5,0.22,MIT
120,0.55,0.59,0.47,0.64,0.5,0,0.54,0.33,MIT
121,0.54,0.64,0.5,0.13,0.5,0,0.49,0.22,MIT
122,0.76,0.76,0.35,0.27,0.5,0,0.44,0.22,ME1
123,0.49,0.44,0.45,0.55,0.5,0,0.48,0.22,MIT
124,0.63,0.47,0.56,0.12,0.5,0,0.5,0.22,MIT
125,0.51,0.65,0.53,0.19,0.5,0,0.49,0.22,EXC
126,0.42,0.28,0.57,0.18,0.5,0,0.42,0.22,NUC
127,0.45,0.41,0.58,0.48,0.5,0,0.53,0.64,NUC
128,0.9,0.54,0.59,0.2,0.5,0,0.48,0.22,NUC
129,0.88,0.59,0.54,0.39,0.5,0,0.41,0.3,NUC
130,0.69,0.62,0.49,0,1,0,0.47,0.22,NUC
131,0.43,0.38,0.38,0.12,0.5,0,0.5,0.22,ME2
132,0.39,0.42,0.49,0.1,0.5,0,0.49,0.65,NUC
133,0.39,0.28,0.54,0.14,0.5,0,0.59,0.22,MIT
134,0.49,0.27,0.57,0.18,0.5,0.83,0.54,0.22,POX
135,0.64,0.52,0.5,0.26,0.5,0,0.51,0.31,NUC
136,0.6,0.54,0.54,0.53,0.5,0,0.52,0.27,MIT
137,0.49,0.45,0.53,0.16,0.5,0,0.49,0.31,CYT
138,0.52,0.46,0.51,0.18,0.5,0,0.5,0.22,CYT
139,0.55,0.59,0.52,0.1,0.5,0,0.53,0.22,CYT
140,0.33,0.38,0.45,0.19,0.5,0,0.54,0.37,NUC
141,0.41,0.48,0.38,0.13,0.5,0,0.51,0.35,ME3
142,0.51,0.46,0.49,0.21,0.5,0,0.55,0.22,VAC
143,0.4,0.36,0.55,0.15,0.5,0,0.53,0.22,VAC
144,0.59,0.58,0.47,0.61,0.5,0,0.44,0.3,MIT
145,0.62,0.43,0.49,0.29,0.5,0,0.5,0.27,CYT
146,0.48,0.42,0.48,0.19,0.5,0,0.58,0.22,CYT
147,0.47,0.61,0.5,0.23,0.5,0,0.49,0.22,ME3
148,0.27,0.56,0.3,0.14,0.5,0,0.52,0.39,ME3
149,0.38,0.48,0.51,0.13,0.5,0,0.5,0.32,NUC
150,0.49,0.71,0.54,0.13,0.5,0,0.58,0.22,NUC
151,0.63,0.55,0.53,0.51,0.5,0,0.55,0.22,VAC
152,0.56,0.48,0.5,0.17,0.5,0,0.51,0.26,CYT
153,0.62,0.41,0.52,0.17,0.5,0,0.48,0.22,NUC
154,0.35,0.47,0.53,0.19,0.5,0,0.48,0.22,CYT
155,0.6,0.59,0.47,0.47,0.5,0,0.53,0.22,MIT
156,0.33,0.28,0.5,0.4,0.5,0,0.46,0.61,NUC
157,0.45,0.54,0.49,0.29,0.5,0,0.49,0.25,NUC
158,0.41,0.52,0.56,0.26,0.5,0,0.48,0.32,NUC
159,0.59,0.47,0.51,0.53,0.5,0,0.53,0.26,CYT
160,0.57,0.55,0.52,0.16,0.5,0,0.49,0.39,NUC
161,0.64,0.44,0.51,0.35,0.5,0,0.53,0.22,CYT
162,0.45,0.43,0.5,0.25,0.5,0,0.47,0.22,MIT
163,0.5,0.36,0.64,0.37,0.5,0,0.37,0.33,NUC
164,0.43,0.44,0.64,0.19,0.5,0,0.38,0.33,NUC
165,0.61,0.38,0.57,0.36,0.5,0,0.44,0.21,CYT
166,0.35,0.41,0.53,0.27,0.5,0,0.47,0.29,NUC
167,0.4,0.3,0.57,0.13,0.5,0,0.46,0.22,NUC
168,0.44,0.5,0.55,0.24,0.5,0,0.48,0.22,NUC
169,0.37,0.45,0.53,0.14,0.5,0,0.49,0.22,NUC
170,0.37,0.3,0.51,0.15,0.5,0,0.58,0.26,NUC
171,0.57,0.43,0.52,0.3,0.5,0,0.37,0.11,CYT
172,0.44,0.56,0.52,0.18,0.5,0,0.5,0.11,CYT
173,0.36,0.56,0.52,0.18,0.5,0,0.45,0.16,CYT
174,0.72,0.37,0.63,0.38,0.5,0,0.4,0.14,CYT
175,0.44,0.36,0.64,0.45,0.5,0,0.53,0.11,CYT
176,0.34,0.34,0.65,0.4,0.5,0,0.32,0.16,CYT
177,0.54,0.44,0.55,0.48,0.5,0,0.47,0.22,CYT
178,0.69,0.54,0.55,0.23,0.5,0,0.73,0.22,CYT
179,0.46,0.39,0.54,0.22,0.5,0,0.48,0.25,CYT
180,0.46,0.39,0.54,0.22,0.5,0,0.48,0.25,CYT
181,0.42,0.5,0.64,0.13,0.5,0,0.49,0.22,CYT
182,0.38,0.5,0.52,0.44,0.5,0,0.54,0.11,CYT
183,0.51,0.52,0.58,0.17,0.5,0,0.47,0.28,CYT
184,0.6,0.57,0.52,0.14,0.5,0,0.46,0.48,NUC
185,0.56,0.65,0.49,0.56,0.5,0,0.49,0.22,MIT
186,0.54,0.64,0.4,0.56,0.5,0,0.51,0.22,MIT
187,0.6,0.51,0.49,0.18,0.5,0,0.53,0.38,CYT
188,0.34,0.46,0.52,0.19,0.5,0,0.53,0.26,CYT
189,0.44,0.71,0.5,0.21,0.5,0,0.54,0.27,CYT
190,0.56,0.49,0.32,0.22,0.5,0,0.5,0.22,ME2
191,0.44,0.51,0.53,0.3,0.5,0,0.53,0.22,CYT
192,0.52,0.55,0.39,0.09,1,0,0.55,0.25,ME3
193,0.85,0.69,0.34,0.31,0.5,0,0.57,0.3,ME1
194,0.47,0.56,0.53,0.44,0.5,0,0.53,0.22,MIT
195,0.45,0.41,0.53,0.49,0.5,0,0.49,0.31,NUC
196,0.56,0.55,0.57,0.15,0.5,0,0.54,0.25,CYT
197,0.37,0.47,0.49,0.12,0.5,0,0.47,0.31,NUC
198,0.32,0.6,0.48,0.13,0.5,0,0.53,0.22,NUC
199,0.48,0.55,0.58,0.18,0.5,0,0.38,0.69,NUC
200,0.54,0.5,0.51,0.26,0.5,0,0.52,0.22,CYT
201,0.6,0.64,0.56,0.36,0.5,0,0.46,0.27,CYT
202,0.27,0.41,0.24,0.2,0.5,0,0.49,0.22,ME3
203,0.25,0.35,0.22,0.18,0.5,0,0.46,0.22,ME3
204,0.39,0.45,0.51,0.29,0.5,0,0.54,0.22,CYT
205,0.66,0.43,0.57,0.6,0.5,0,0.19,0.33,NUC
206,0.51,0.5,0.54,0.11,0.5,0,0.6,0.22,NUC
207,0.5,0.45,0.51,0.19,0.5,0,0.53,0.25,CYT
208,0.44,0.43,0.46,0.28,0.5,0,0.45,0.29,NUC
209,0.32,0.68,0.51,0.16,0.5,0.83,0.55,0.22,POX
210,0.73,0.52,0.59,0.25,0.5,0,0.51,0.22,NUC
211,0.49,0.6,0.54,0.35,0.5,0,0.53,0.46,NUC
212,0.49,0.6,0.42,0.18,0.5,0,0.58,0.28,NUC
213,0.53,0.48,0.51,0.18,0.5,0,0.51,0.27,CYT
214,0.49,0.31,0.43,0.24,0.5,0,0.54,0.22,ME3
215,0.46,0.41,0.43,0.18,0.5,0,0.54,0.22,ME3
216,0.32,0.36,0.28,0.38,0.5,0,0.5,0.4,ME3
217,0.45,0.57,0.52,0.21,0.5,0,0.54,0.38,NUC
218,0.39,0.39,0.65,0.16,0.5,0,0.45,0.22,CYT
219,0.41,0.35,0.6,0.22,0.5,0,0.56,0.79,CYT
220,0.41,0.39,0.61,0.17,0.5,0,0.5,0.61,NUC
221,0.54,0.67,0.56,0.15,0.5,0,0.57,0.33,NUC
222,0.41,0.59,0.65,0.14,0.5,0,0.49,0.33,NUC
223,0.47,0.38,0.5,0.15,0.5,0,0.49,0.47,NUC
224,0.42,0.5,0.59,0.17,0.5,0,0.51,0.22,CYT
225,0.55,0.69,0.51,0.12,0.5,0,0.51,0.22,CYT
226,0.47,0.46,0.53,0.12,0.5,0,0.51,0.25,NUC
227,0.57,0.29,0.63,0.22,0.5,0,0.49,0.27,NUC
228,0.41,0.42,0.53,0.17,0.5,0,0.48,0.58,NUC
229,0.42,0.45,0.75,0.21,0.5,0,0.48,0.22,CYT
230,0.63,0.54,0.53,0.27,0.5,0,0.49,0.22,CYT
231,0.4,0.44,0.5,0.13,0.5,0,0.52,0.39,CYT
232,0.55,0.39,0.39,0.47,0.5,0,0.5,0.83,ME3
233,0.57,0.36,0.51,0.25,0.5,0,0.54,0.25,CYT
234,0.45,0.76,0.51,0.25,0.5,0,0.59,0.22,CYT
235,0.59,0.64,0.44,0.26,0.5,0,0.5,0.22,CYT
236,0.53,0.42,0.53,0.19,0.5,0,0.47,0.22,CYT
237,0.59,0.46,0.55,0.17,0.5,0,0.52,0.25,CYT
238,0.46,0.47,0.62,0.3,0.5,0,0.38,0.22,CYT
239,0.59,0.7,0.46,0.19,0.5,0,0.54,0.44,CYT
240,0.53,0.44,0.54,0.52,0.5,0,0.49,0.38,NUC
241,0.4,0.28,0.58,0.44,0.5,0,0.41,0.22,CYT
242,0.44,0.35,0.55,0.14,0.5,0,0.52,0.22,VAC
243,0.48,0.49,0.49,0.26,0.5,0,0.39,0.27,VAC
244,0.65,0.63,0.47,0.22,0.5,0,0.52,0.27,CYT
245,0.49,0.53,0.36,0.15,0.5,0,0.52,0.27,ME3
246,0.71,0.79,0.41,0.38,0.5,0,0.54,0.22,ME1
247,0.26,0.3,0.37,0.15,0.5,0,0.53,0.25,ME3
248,0.4,0.44,0.47,0.25,0.5,0,0.54,0.56,NUC
249,0.29,0.39,0.46,0.36,0.5,0,0.51,0.22,NUC
250,0.43,0.6,0.4,0.12,0.5,0,0.49,0.29,ME3
251,0.65,0.62,0.26,0.33,0.5,0,0.55,0.22,ME3
252,0.3,0.68,0.41,0.17,0.5,0,0.51,0.22,ME3
253,0.69,0.57,0.39,0.19,0.5,0,0.48,0.39,ME2
254,0.51,0.38,0.42,0.21,0.5,0,0.46,0.34,ME3
255,0.54,0.54,0.56,0.18,0.5,0,0.46,0.29,NUC
256,0.71,0.64,0.42,0.28,0.5,0,0.43,0.22,EXC
257,0.58,0.44,0.45,0.32,0.5,0,0.52,0.37,NUC
258,0.48,0.58,0.47,0.17,0.5,0,0.53,0.74,CYT
259,0.38,0.37,0.36,0.14,0.5,0,0.54,0.22,ME3
260,0.4,0.4,0.44,0.37,0.5,0,0.53,0.25,NUC
261,0.8,0.79,0.43,0.25,0.5,0,0.52,0.22,EXC
262,0.49,0.56,0.37,0.2,0.5,0,0.53,0.22,ME3
263,0.49,0.55,0.35,0.23,0.5,0,0.57,0.22,ME3
264,0.47,0.5,0.6,0.63,0.5,0,0.38,0.16,CYT
265,0.58,0.67,0.49,0.16,0.5,0,0.47,0.28,MIT
266,0.85,0.85,0.3,0.31,0.5,0,0.55,0.42,ME1
267,0.41,0.25,0.59,0.44,0.5,0,0.6,0.69,NUC
268,0.57,0.59,0.49,0.86,0.5,0,0.47,0.22,NUC
269,0.5,0.61,0.44,0.2,0.5,0,0.49,0.22,MIT
270,0.41,0.45,0.46,0.23,0.5,0,0.5,0.7,CYT
271,0.32,0.29,0.29,0.08,0.5,0,0.52,0.22,ME3
272,0.38,0.48,0.57,0.3,0.5,0,0.41,0.11,CYT
273,0.71,0.5,0.5,0.18,0.5,0,0.46,0.22,CYT
274,0.38,0.32,0.64,0.41,0.5,0,0.44,0.11,CYT
275,0.47,0.43,0.61,0.4,0.5,0,0.48,0.47,NUC
276,0.59,0.45,0.53,0.19,0.5,0,0.59,0.27,CYT
277,0.8,0.88,0.36,0.39,0.5,0,0.56,0.33,ME1
278,0.56,0.48,0.58,0.27,0.5,0,0.51,0.22,CYT
279,0.41,0.39,0.44,0.34,0.5,0,0.48,0.4,NUC
280,0.39,0.45,0.53,0.18,0.5,0,0.54,0.22,CYT
281,0.41,0.52,0.41,0.11,0.5,0,0.54,0.35,CYT
282,0.43,0.42,0.54,0.22,0.5,0,0.57,0.33,NUC
283,0.54,0.52,0.54,0.2,0.5,0,0.55,0.25,NUC
284,0.36,0.44,0.51,0.17,0.5,0,0.6,0.19,NUC
285,0.33,0.48,0.55,0.16,0.5,0,0.53,0.75,NUC
286,0.55,0.51,0.54,0.2,0.5,0,0.56,0.22,CYT
287,0.42,0.65,0.58,0.34,0.5,0,0.5,0.22,MIT
288,0.42,0.28,0.51,0.23,0.5,0,0.53,0.27,NUC
289,0.47,0.47,0.54,0.19,0.5,0,0.51,0.33,NUC
290,0.6,0.48,0.46,0.32,0.5,0,0.4,0.33,CYT
291,0.47,0.53,0.48,0.51,0.5,0,0.54,0.22,MIT
292,0.61,0.53,0.59,0.17,0.5,0,0.44,0.28,CYT
293,0.66,0.6,0.52,0.19,0.5,0,0.69,0.22,CYT
294,0.57,0.48,0.54,0.22,0.5,0,0.5,0.11,CYT
295,0.85,0.66,0.49,0.18,0.5,0,0.51,0.22,ME1
296,0.3,0.33,0.55,0.12,0.5,0,0.53,0.38,CYT
297,0.43,0.67,0.48,0.27,0.5,0,0.53,0.22,MIT
298,0.51,0.4,0.56,0.17,0.5,0.5,0.49,0.22,CYT
299,0.4,0.39,0.6,0.15,0.5,0,0.58,0.3,CYT
300,0.42,0.37,0.59,0.2,0.5,0,0.52,0.29,NUC
301,0.46,0.44,0.52,0.11,0.5,0,0.5,0.22,CYT
302,0.47,0.39,0.5,0.11,0.5,0,0.49,0.4,CYT
303,0.58,0.47,0.54,0.11,0.5,0,0.51,0.26,NUC
304,0.45,0.4,0.5,0.16,0.5,0,0.5,0.22,CYT
305,0.59,0.53,0.43,0.44,0.5,0,0.5,0.22,MIT
306,0.57,0.53,0.53,0.34,0.5,0,0.53,0.22,MIT
307,0.64,0.59,0.56,0.23,0.5,0,0.46,0.22,CYT
308,0.38,0.49,0.53,0.19,0.5,0,0.5,0.22,CYT
309,0.45,0.58,0.48,0.67,0.5,0,0.52,0.22,MIT
310,0.37,0.32,0.47,0.18,0.5,0,0.45,0.25,NUC
311,0.6,0.5,0.44,0.61,0.5,0,0.47,0.22,MIT
312,0.33,0.43,0.64,0.16,0.5,0,0.52,0.52,NUC
313,0.49,0.61,0.49,0.25,0.5,0,0.5,0.28,CYT
314,0.47,0.52,0.5,0.4,0.5,0,0.41,0.22,CYT
315,0.47,0.39,0.55,0.24,0.5,0,0.47,0.22,CYT
316,0.44,0.59,0.36,0.16,0.5,0,0.52,0.22,ME3
317,0.45,0.45,0.5,0.6,0.5,0,0.49,0.22,MIT
318,0.47,0.41,0.66,0.26,0.5,0,0.53,0.22,MIT
319,0.53,0.51,0.55,0.05,0.5,0,0.45,0.25,NUC
320,0.29,0.32,0.58,0.15,0.5,0,0.5,0.3,CYT
321,0.54,0.49,0.49,0.2,0.5,0,0.52,0.22,CYT
322,0.42,0.51,0.5,0.12,0.5,0,0.52,0.46,NUC
323,0.57,0.51,0.53,0.18,0.5,0,0.56,0.25,NUC
324,0.49,0.31,0.49,0.35,0.5,0,0.51,0.29,NUC
325,0.37,0.58,0.44,0.51,0.5,0,0.44,0.22,MIT
326,0.35,0.66,0.49,0.21,0.5,0,0.54,0.25,CYT
327,0.52,0.4,0.6,0.12,0.5,0,0.55,0.22,CYT
328,0.57,0.41,0.59,0.24,0.5,0,0.4,0.22,CYT
329,0.58,0.56,0.45,0.12,0.5,0,0.51,0.22,NUC
330,0.31,0.46,0.54,0.52,0.5,0,0.5,0.34,NUC
331,0.38,0.51,0.75,0.17,0.5,0,0.55,0.22,CYT
332,0.44,0.68,0.45,0.51,0.5,0,0.52,0.41,MIT
333,0.55,0.42,0.34,0.3,0.5,0,0.52,0.22,ME3
334,0.36,0.68,0.38,0.08,0.5,0,0.53,0.25,VAC
335,0.43,0.39,0.54,0.14,0.5,0,0.47,0.22,NUC
336,0.54,0.42,0.41,0.16,0.5,0,0.52,0.22,ME2
337,0.37,0.53,0.46,0.23,0.5,0,0.47,0.22,NUC
338,0.58,0.6,0.43,0.12,0.5,0,0.55,0.22,ME3
339,0.54,0.65,0.49,0.34,0.5,0,0.52,0.22,CYT
340,0.58,0.53,0.38,0.18,0.5,0,0.52,0.22,ME3
341,0.35,0.6,0.47,0.13,0.5,0,0.52,0.43,NUC
342,0.35,0.46,0.49,0.15,1,0,0.55,0.35,CYT
343,0.63,0.62,0.42,0.12,0.5,0,0.52,0.25,CYT
344,0.71,0.59,0.53,0.15,0.5,0,0.49,0.33,CYT
345,0.46,0.35,0.33,0.17,0.5,0,0.55,0.22,ME3
346,0.35,0.56,0.36,0.3,0.5,0,0.53,0.25,ME3
347,0.51,0.58,0.54,0.29,0.5,0,0.53,0.22,CYT
348,0.44,0.51,0.37,0.15,0.5,0,0.51,0.22,ME3
349,0.42,0.39,0.47,0.13,0.5,0,0.5,0.27,CYT
350,0.17,0.38,0.45,0.09,0.5,0,0.54,0.27,NUC
351,0.48,0.39,0.49,0.18,0.5,0,0.51,0.22,CYT
352,0.74,0.53,0.5,0.08,0.5,0,0.55,0.31,CYT
353,0.69,0.48,0.38,0.15,0.5,0,0.55,0.22,ME2
354,0.3,0.5,0.47,0.11,0.5,0,0.46,0.22,CYT
355,0.4,0.48,0.5,0.17,0.5,0,0.54,0.5,CYT
356,0.47,0.49,0.63,0.17,0.5,0,0.31,0.26,NUC
357,0.53,0.43,0.47,0.15,0.5,0,0.58,0.22,CYT
358,0.46,0.45,0.56,0.16,0.5,0,0.56,0.22,CYT
359,0.5,0.45,0.49,0.15,0.5,0,0.55,0.43,NUC
360,0.33,0.28,0.31,0.24,0.5,0,0.53,0.22,ME3
361,0.61,0.54,0.49,0.19,0.5,0,0.54,0.47,CYT
362,0.51,0.68,0.49,0.59,0.5,0,0.54,0.27,MIT
363,0.55,0.49,0.5,0.46,0.5,0,0.52,0.25,MIT
364,0.5,0.46,0.52,0.16,0.5,0,0.52,0.26,CYT
365,0.35,0.49,0.47,0.22,0.5,0,0.5,0.28,MIT
366,0.43,0.51,0.6,0.25,0.5,0,0.55,0.22,CYT
367,0.68,0.5,0.43,0.27,0.5,0,0.61,0.22,ME2
368,0.59,0.53,0.47,0.26,0.5,0,0.53,0.31,NUC
369,0.54,0.51,0.54,0.52,0.5,0,0.47,0.25,MIT
370,0.86,0.92,0.5,0.37,1,0,0.53,0.32,ERL
371,0.42,0.51,0.39,0.22,0.5,0,0.49,0.26,ME3
372,0.51,0.43,0.47,0.19,0.5,0,0.52,0.37,CYT
373,0.44,0.53,0.43,0.17,0.5,0,0.54,0.75,NUC
374,0.39,0.37,0.33,0.23,0.5,0,0.53,0.26,ME3
375,0.48,0.51,0.57,0.24,0.5,0,0.5,0.22,CYT
376,0.68,0.58,0.51,0.19,0.5,0.83,0.54,0.22,POX
377,0.51,0.47,0.41,0.44,0.5,0,0.5,0.22,ME3
378,0.49,0.44,0.45,0.22,0.5,0,0.51,0.22,CYT
379,0.46,0.57,0.52,0.28,0.5,0,0.52,0.22,NUC
380,0.53,0.48,0.45,0.44,0.5,0,0.49,0.27,MIT
381,0.7,0.53,0.42,0.22,0.5,0,0.51,0.28,NUC
382,0.68,0.68,0.49,0.15,0.5,0,0.53,0.22,EXC
383,0.47,0.6,0.35,0.21,0.5,0,0.52,0.22,ME3
384,0.55,0.49,0.45,0.18,0.5,0,0.49,0.22,NUC
385,0.4,0.47,0.48,0.18,0.5,0,0.46,0.22,CYT
386,0.8,0.81,0.55,0.35,0.5,0,0.42,0.22,EXC
387,0.48,0.47,0.54,0.55,0.5,0,0.51,0.65,MIT
388,0.66,0.66,0.32,0.54,0.5,0,0.51,0.22,ME2
389,0.58,0.46,0.46,0.34,0.5,0,0.5,0.43,NUC
390,0.6,0.62,0.54,0.4,0.5,0,0.5,0.22,MIT
391,0.52,0.5,0.59,0.31,0.5,0,0.5,0.22,MIT
392,0.45,0.38,0.64,0.14,0.5,0,0.54,0.22,MIT
393,0.6,0.57,0.64,0.52,0.5,0,0.47,0.28,MIT
394,0.57,0.61,0.55,0.27,0.5,0,0.44,0.21,MIT
395,0.38,0.54,0.54,0.41,0.5,0,0.51,0.22,MIT
396,0.43,0.32,0.5,0.29,0.5,0,0.5,0.22,MIT
397,0.32,0.45,0.44,0.2,0.5,0,0.55,0.33,NUC
398,0.51,0.6,0.51,0.26,0.5,0,0.54,0.22,NUC
399,0.49,0.46,0.42,0.46,0.5,0,0.55,0.22,NUC
400,0.51,0.56,0.62,0.24,0.5,0,0.52,0.51,NUC
401,0.58,0.57,0.54,0.69,0.5,0,0.54,0.22,MIT
402,0.55,0.53,0.54,0.4,0.5,0,0.48,0.22,MIT
403,0.41,0.47,0.58,0.62,0.5,0,0.5,0.22,MIT
404,0.44,0.53,0.53,0.37,0.5,0,0.51,0.22,MIT
405,0.47,0.46,0.55,0.28,0.5,0,0.44,0.46,NUC
406,0.41,0.59,0.46,0.19,0.5,0,0.36,0.22,EXC
407,0.44,0.41,0.29,0.21,0.5,0,0.49,0.22,ME3
408,0.51,0.46,0.54,0.41,0.5,0,0.53,0.22,MIT
409,0.5,0.36,0.53,0.41,0.5,0,0.55,0.36,CYT
410,0.59,0.58,0.39,0.52,0.5,0,0.5,0.31,CYT
411,0.78,0.63,0.53,0.13,0.5,0,0.54,0.22,ME2
412,0.48,0.62,0.52,0.3,0.5,0,0.51,0.37,NUC
413,0.39,0.34,0.68,0.3,0.5,0,0.5,0.29,NUC
414,0.4,0.53,0.44,0.18,0.5,0,0.54,0.31,NUC
415,0.36,0.3,0.5,0.19,0.5,0,0.55,0.3,NUC
416,0.45,0.21,0.49,0.24,0.5,0,0.46,0.31,NUC
417,0.87,0.47,0.6,0.47,0.5,0,0.59,0.22,NUC
418,0.51,0.34,0.49,0.16,0.5,0,0.53,0.21,NUC
419,0.78,0.65,0.4,0.16,0.5,0,0.63,0.22,MIT
420,0.68,0.59,0.44,0.49,0.5,0,0.4,0.26,POX
421,0.5,0.51,0.57,0.27,0.5,0,0.48,0.22,POX
422,0.51,0.46,0.57,0.25,0.5,0,0.53,0.22,CYT
423,0.49,0.45,0.46,0.18,0.5,0,0.49,0.31,CYT
424,0.39,0.58,0.5,0.1,0.5,0,0.51,0.25,CYT
425,0.45,0.58,0.59,0.44,0.5,0,0.56,0.22,MIT
426,0.46,0.49,0.45,0.28,0.5,0,0.55,0.22,VAC
427,0.5,0.32,0.49,0.49,0.5,0,0.48,0.32,MIT
428,0.48,0.45,0.59,0.35,0.5,0,0.55,0.3,MIT
429,0.48,0.52,0.49,0.35,0.5,0.5,0.51,0.22,MIT
430,0.45,0.41,0.49,0.14,1,0,0.53,0.3,CYT
431,0.28,0.36,0.55,0.15,0.5,0,0.57,0.22,CYT
432,0.74,0.72,0.5,0.28,0.5,0,0.5,0.27,EXC
433,0.59,0.61,0.51,0.62,0.5,0,0.51,0.38,MIT
434,0.78,0.69,0.44,0.26,0.5,0,0.54,0.22,ME1
435,0.95,0.71,0.27,0.39,0.5,0,0.31,0.22,ME2
436,0.39,0.49,0.3,0.19,0.5,0,0.52,0.31,ME3
437,0.49,0.48,0.52,0.2,0.5,0,0.55,0.22,NUC
438,0.54,0.53,0.48,0.14,0.5,0,0.49,0.33,NUC
439,0.45,0.47,0.53,0.15,0.5,0,0.52,0.27,CYT
440,0.46,0.62,0.54,0.25,0.5,0,0.46,0.22,CYT
441,0.52,0.46,0.56,0.2,0.5,0,0.5,0.22,CYT
442,0.45,0.48,0.56,0.56,0.5,0,0.47,0.22,NUC
443,0.48,0.41,0.54,0.39,0.5,0,0.51,0.22,NUC
444,0.34,0.35,0.58,0.2,0.5,0,0.46,0.32,NUC
445,0.37,0.44,0.51,0.56,0.5,0,0.5,0.38,NUC
446,0.48,0.5,0.56,0.11,0.5,0,0.33,0.22,CYT
447,0.49,0.45,0.54,0.4,0.5,0,0.55,0.22,MIT
448,0.57,0.6,0.54,0.17,0.5,0,0.52,0.22,MIT
449,0.33,0.28,0.52,0.15,0.5,0,0.51,0.86,NUC
450,0.43,0.41,0.51,0.34,0.5,0,0.49,0.28,NUC
451,0.49,0.49,0.51,0.29,0.5,0,0.52,0.71,NUC
452,0.41,0.52,0.51,0.22,0.5,0,0.52,0.44,NUC
453,0.58,0.31,0.6,0.12,0.5,0,0.47,0.33,NUC
454,0.44,0.33,0.55,0.16,0.5,0,0.49,0.22,NUC
455,0.57,0.51,0.58,0.22,0.5,0,0.51,0.22,NUC
456,0.34,0.58,0.5,0.26,0.5,0,0.51,0.22,NUC
457,0.35,0.4,0.44,0.25,0.5,0,0.53,0.57,NUC
458,0.55,0.38,0.64,0.42,0.5,0,0.47,0.22,MIT
459,0.45,0.49,0.57,0.25,0.5,0,0.48,0.22,NUC
460,0.39,0.39,0.59,0.25,0.5,0,0.45,0.22,CYT
461,0.61,0.38,0.57,0.36,0.5,0,0.44,0.21,CYT
462,0.43,0.33,0.54,0.37,0.5,0,0.38,0.16,CYT
463,0.72,0.51,0.52,0.08,0.5,0,0.54,0.22,NUC
464,0.57,0.49,0.61,0.26,0.5,0,0.52,0.22,NUC
465,0.36,0.49,0.55,0.21,0.5,0,0.55,0.33,NUC
466,0.35,0.33,0.48,0.42,0.5,0,0.47,0.43,CYT
467,0.46,0.35,0.69,0.18,0.5,0,0.3,0.25,CYT
468,0.58,0.45,0.55,0.27,0.5,0,0.48,0.11,CYT
469,0.43,0.33,0.67,0.12,0.5,0,0.43,0.23,CYT
470,0.58,0.44,0.5,0.26,0.5,0,0.52,0.22,CYT
471,0.4,0.45,0.61,0.29,0.5,0,0.44,0.22,CYT
472,0.35,0.39,0.56,0.2,0.5,0,0.49,0.41,CYT
473,0.44,0.62,0.53,0.27,0.5,0,0.49,0.22,NUC
474,0.56,0.61,0.52,0.19,0.5,0,0.52,0.32,NUC
475,0.47,0.56,0.46,0.5,0.5,0,0.51,0.22,MIT
476,0.42,0.38,0.52,0.29,0.5,0,0.42,0.22,NUC
477,0.49,0.4,0.58,0.23,0.5,0,0.47,0.27,CYT
478,0.51,0.4,0.5,0.28,0.5,0,0.48,0.27,CYT
479,0.47,0.58,0.47,0.52,0.5,0,0.54,0.22,MIT
480,0.46,0.42,0.51,0.16,0.5,0,0.56,0.22,CYT
481,0.55,0.55,0.52,0.13,0.5,0,0.53,0.25,CYT
482,0.46,0.44,0.58,0.17,0.5,0,0.55,0.22,CYT
483,0.46,0.47,0.44,0.18,1,0,0.46,0.22,ME2
484,0.51,0.51,0.32,0.27,0.5,0,0.54,0.22,ME3
485,0.65,0.66,0.37,0.12,0.5,0,0.52,0.27,ME3
486,0.42,0.43,0.67,0.7,0.5,0,0.42,0.25,CYT
487,0.4,0.49,0.53,0.23,0.5,0,0.44,0.26,NUC
488,0.38,0.42,0.31,0.35,0.5,0,0.52,0.22,ME3
489,0.46,0.48,0.38,0.22,0.5,0,0.39,0.45,ME3
490,0.4,0.75,0.44,0.12,0.5,0,0.49,0.22,NUC
491,0.43,0.47,0.47,0.18,0.5,0,0.47,0.22,CYT
492,0.52,0.47,0.58,0.18,0.5,0,0.34,0.11,CYT
493,0.37,0.29,0.45,0.15,0.5,0,0.49,0.22,NUC
494,0.37,0.48,0.67,0.37,0.5,0,0.56,0.62,NUC
495,0.48,0.65,0.36,0.24,0.5,0,0.54,0.31,NUC
496,0.59,0.49,0.45,0.22,0.5,0,0.45,0.31,NUC
497,0.52,0.31,0.56,0.16,0.5,0,0.55,0.22,NUC
498,0.55,0.46,0.47,0.15,0.5,0,0.47,0.22,ME3
499,0.5,0.52,0.51,0.22,0.5,0,0.46,0.37,CYT
500,0.62,0.33,0.49,0.24,0.5,0,0.51,0.42,CYT
501,0.51,0.5,0.49,0.45,0.5,0,0.48,0.22,MIT
502,0.7,0.58,0.53,0.39,0.5,0,0.59,0.22,EXC
503,0.55,0.41,0.67,0.61,0.5,0,0.49,0.14,MIT
504,0.66,0.65,0.53,0.17,0.5,0,0.47,0.66,NUC
505,0.58,0.64,0.42,0.3,0.5,0,0.54,0.22,NUC
506,0.74,0.82,0.46,0.24,0.5,0,0.5,0.31,EXC
507,0.38,0.34,0.55,0.44,0.5,0,0.48,0.26,CYT
508,0.47,0.47,0.5,0.19,0.5,0,0.51,0.26,NUC
509,0.31,0.51,0.38,0.18,0.5,0,0.46,0.31,ME3
510,0.44,0.65,0.49,0.16,0.5,0,0.48,0.31,NUC
511,0.48,0.44,0.46,0.37,0.5,0,0.46,0.36,CYT
512,0.45,0.4,0.56,0.15,0.5,0,0.52,0.22,NUC
513,0.52,0.45,0.53,0.34,0.5,0,0.52,0.44,CYT
514,0.63,0.58,0.57,0.1,0.5,0,0.52,0.33,NUC
515,0.33,0.17,0.52,0.13,0.5,0,0.51,0.75,NUC
516,0.38,0.42,0.5,0.19,0.5,0,0.44,0.22,CYT
517,0.28,0.27,0.5,0.14,0.5,0,0.5,0.28,CYT
518,0.41,0.46,0.57,0.25,0.5,0,0.57,0.38,CYT
519,0.77,0.7,0.44,0.29,0.5,0,0.56,0.22,ME1
520,0.79,0.79,0.42,0.26,0.5,0,0.6,0.22,ME1
521,0.49,0.5,0.42,0.43,0.5,0,0.5,0.36,VAC
522,0.25,0.26,0.53,0.17,0.5,0,0.45,0.22,CYT
523,0.59,0.46,0.57,0.17,0.5,0,0.52,0.22,CYT
524,0.5,0.46,0.49,0.27,0.5,0,0.6,0.22,CYT
525,0.49,0.36,0.47,0.28,0.5,0,0.56,0.54,NUC
526,0.34,0.42,0.48,0.19,0.5,0,0.46,0.31,NUC
527,0.48,0.39,0.56,0.23,0.5,0,0.6,0.22,CYT
528,0.47,0.59,0.56,0.09,0.5,0,0.5,0.22,CYT
529,0.54,0.35,0.55,0.19,0.5,0,0.3,0.22,CYT
530,0.5,0.47,0.45,0.14,0.5,0,0.53,0.32,ME3
531,0.55,0.49,0.6,0.18,0.5,0,0.51,0.22,NUC
532,0.48,0.58,0.58,0.12,0.5,0,0.49,0.22,VAC
533,0.65,0.58,0.53,0.21,0.5,0,0.51,0.22,VAC
534,0.41,0.48,0.51,0.2,0.5,0,0.51,0.22,CYT
535,0.57,0.47,0.48,0.17,0.5,0,0.52,0.26,VAC
536,1,0.8,0.29,0.36,0.5,0,0.52,0.22,ME1
537,0.88,0.75,0.41,0.36,0.5,0,0.43,0.22,ME2
538,0.47,0.41,0.46,0.18,0.5,0,0.53,0.22,ME3
539,0.59,0.56,0.5,0.48,0.5,0,0.46,0.22,MIT
540,0.25,0.41,0.47,0.14,0.5,0,0.56,0.68,NUC
541,0.71,0.51,0.49,0.23,0.5,0,0.3,0.32,ME2
542,0.74,0.73,0.32,0.2,0.5,0,0.55,0.22,ME1
543,0.35,0.32,0.31,0.16,0.5,0,0.56,0.22,ME3
544,0.67,0.61,0.39,0.24,0.5,0,0.51,0.22,ME3
545,0.47,0.41,0.53,0.27,0.5,0,0.47,0.25,MIT
546,0.39,0.56,0.34,0.18,0.5,0,0.49,0.22,ME3
547,0.75,0.73,0.35,0.33,0.5,0,0.49,0.28,ME1
548,0.5,0.63,0.45,0.13,0.5,0,0.45,0.32,ME3
549,0.2,0.6,0.5,0.29,0.5,0,0.51,0.22,ME3
550,0.51,0.46,0.41,0.36,0.5,0,0.49,0.22,ME3
551,0.6,0.68,0.3,0.27,0.5,0,0.55,0.22,ME3
552,0.77,0.68,0.35,0.19,0.5,0,0.53,0.43,ME1
553,0.77,0.74,0.37,0.29,0.5,0,0.45,0.22,ME1
554,0.47,0.38,0.58,0.19,0.5,0,0.57,0.22,CYT
555,0.74,0.75,0.45,0.44,0.5,0,0.52,0.22,POX
556,0.52,0.53,0.58,0.69,0.5,0,0.5,0.22,MIT
557,0.25,0.4,0.52,0.15,0.5,0,0.56,0.28,NUC
558,0.58,0.56,0.38,0.39,0.5,0,0.54,0.57,NUC
559,0.48,0.61,0.57,0.17,0.5,0,0.45,0.22,CYT
560,0.61,0.48,0.54,0.25,0.5,0,0.5,0.22,CYT
561,0.86,0.74,0.51,0.4,0.5,0,0.55,0.22,ME2
562,0.58,0.5,0.5,0.12,0.5,0,0.48,0.25,NUC
563,0.48,0.61,0.44,0.2,0.5,0,0.47,0.22,CYT
564,0.52,0.56,0.54,0.53,0.5,0,0.45,0.22,MIT
565,0.73,0.83,0.43,0.3,0.5,0,0.55,0.22,ME1
566,0.56,0.43,0.54,0.16,0.5,0,0.5,0.22,NUC
567,0.62,0.58,0.46,0.13,0.5,0,0.53,0.22,CYT
568,0.31,0.45,0.5,0.17,0.5,0,0.49,0.22,CYT
569,0.38,0.49,0.61,0.13,0.5,0,0.54,0.22,CYT
570,0.44,0.53,0.52,0.37,0.5,0,0.5,0.22,NUC
571,0.54,0.45,0.62,0.13,0.5,0,0.52,0.26,NUC
572,0.89,0.77,0.36,0.34,0.5,0,0.44,0.22,EXC
573,0.48,0.43,0.45,0.17,0.5,0,0.48,0.37,ME3
574,0.43,0.52,0.53,0.52,1,0,0.49,0.22,CYT
575,0.33,0.37,0.54,0.28,0.5,0,0.53,0.27,NUC
576,0.6,0.51,0.52,0.45,0.5,0,0.5,0.27,MIT
577,0.48,0.54,0.53,0.6,0.5,0,0.53,0.31,NUC
578,0.75,0.67,0.51,0.29,0.5,0,0.52,0.36,MIT
579,0.49,0.52,0.53,0.7,0.5,0,0.51,0.22,MIT
580,0.51,0.48,0.46,0.29,0.5,0,0.54,0.22,CYT
581,0.53,0.43,0.57,0.24,0.5,0,0.39,0.28,CYT
582,0.41,0.41,0.43,0.61,0.5,0,0.53,0.22,MIT
583,0.46,0.53,0.47,0.37,0.5,0,0.51,0.36,NUC
584,0.34,0.34,0.65,0.4,0.5,0,0.32,0.16,CYT
585,0.33,0.42,0.55,0.23,0.5,0,0.52,0.43,NUC
586,0.4,0.43,0.36,0.33,0.5,0,0.51,0.22,ME3
587,0.23,0.37,0.32,0.13,0.5,0,0.53,0.22,MIT
588,0.45,0.45,0.51,0.3,0.5,0,0.48,0.44,CYT
589,0.46,0.61,0.38,0.35,0.5,0,0.49,0.22,ME3
590,0.25,0.48,0.45,0.32,0.5,0,0.4,0.22,CYT
591,0.45,0.36,0.5,0.19,0.5,0,0.53,0.7,NUC
592,0.38,0.67,0.33,0.17,0.5,0,0.51,0.22,ME3
593,0.41,0.47,0.5,0.14,0.5,0,0.53,0.37,NUC
594,0.48,0.45,0.59,0.2,0.5,0,0.58,0.34,NUC
595,0.43,0.39,0.54,0.21,0.5,0,0.53,0.27,NUC
596,0.5,0.34,0.55,0.21,0.5,0,0.49,0.22,NUC
597,0.61,0.6,0.55,0.21,0.5,0,0.5,0.25,NUC
598,0.43,0.44,0.48,0.22,0.5,0,0.51,0.22,CYT
599,0.73,0.63,0.42,0.3,0.5,0,0.49,0.22,CYT
600,0.46,0.53,0.52,0.15,0.5,0,0.58,0.22,CYT
601,0.57,0.47,0.6,0.18,0.5,0,0.51,0.22,CYT
602,0.33,0.55,0.51,0.43,0.5,0,0.51,0.22,NUC
603,0.78,0.74,0.42,0.26,0.5,0,0.43,0.22,ME1
604,0.86,0.68,0.39,0.24,0.5,0,0.54,0.22,ME2
605,0.79,0.57,0.41,0.28,0.5,0,0.59,0.22,ME2
606,0.41,0.54,0.39,0.2,0.5,0,0.51,0.22,ME3
607,0.53,0.31,0.58,0.39,0.5,0,0.47,0.37,NUC
608,0.48,0.39,0.51,0.21,0.5,0,0.52,0.28,CYT
609,0.66,0.62,0.49,0.1,0.5,0,0.49,0.22,CYT
610,0.48,0.43,0.51,0.32,0.5,0,0.52,0.43,NUC
611,0.41,0.46,0.59,0.19,0.5,0,0.58,0.27,NUC
612,0.48,0.54,0.55,0.12,0.5,0,0.51,0.22,CYT
613,0.45,0.55,0.54,0.66,0.5,0,0.47,0.22,MIT
614,0.49,0.42,0.56,0.55,0.5,0,0.42,0.25,MIT
615,0.5,0.54,0.53,0.54,0.5,0,0.51,0.27,MIT
616,0.48,0.45,0.55,0.5,0.5,0,0.53,0.22,MIT
617,0.54,0.52,0.63,0.37,0.5,0,0.46,0.22,MIT
618,0.46,0.38,0.47,0.22,0.5,0,0.52,0.27,MIT
619,0.38,0.5,0.37,0.26,0.5,0,0.43,0.22,ME3
620,0.69,0.7,0.52,0.36,0.5,0,0.46,0.22,EXC
621,0.44,0.52,0.41,0.23,0.5,0,0.51,0.22,NUC
622,0.59,0.67,0.56,0.41,0.5,0,0.47,0.22,MIT
623,0.58,0.62,0.54,0.17,0.5,0,0.48,0.22,MIT
624,0.46,0.71,0.48,0.53,0.5,0,0.53,0.22,MIT
625,0.62,0.51,0.52,0.42,0.5,0,0.54,0.27,NUC
626,0.59,0.48,0.5,0.14,0.5,0,0.45,0.25,CYT
627,0.4,0.42,0.71,0.21,0.5,0,0.54,0.32,CYT
628,0.35,0.45,0.43,0.11,0.5,0,0.56,0.22,ME3
629,0.42,0.42,0.42,0.2,0.5,0,0.49,0.22,ME3
630,0.39,0.42,0.38,0.4,0.5,0,0.49,0.47,ME3
631,0.26,0.44,0.3,0.11,0.5,0,0.51,0.47,ME3
632,0.66,0.45,0.5,0.23,0.5,0,0.49,0.22,CYT
633,0.31,0.31,0.56,0.33,0.5,0,0.52,0.33,NUC
634,0.24,0.34,0.69,0.18,0.5,0,0.52,0.22,CYT
635,0.31,0.55,0.52,0.17,0.5,0,0.52,0.22,CYT
636,0.32,0.57,0.5,0.15,0.5,0,0.53,0.22,CYT
637,0.61,0.72,0.31,0.33,0.5,0,0.56,0.22,MIT
638,0.44,0.42,0.6,0.21,0.5,0,0.57,0.22,CYT
639,0.49,0.46,0.45,0.45,0.5,0,0.52,0.22,MIT
640,0.49,0.6,0.43,0.56,0.5,0,0.36,0.22,MIT
641,0.53,0.38,0.66,0.25,0.5,0,0.43,0.22,NUC
642,0.41,0.51,0.58,0.15,0.5,0,0.45,0.27,CYT
643,0.2,0.26,0.52,0.14,0.5,0,0.53,0.44,CYT
644,0.51,0.53,0.55,0.14,0.5,0,0.51,0.22,CYT
645,0.39,0.28,0.46,0.12,0.5,0,0.41,0.22,NUC
646,0.23,0.2,0.53,0.2,0.5,0,0.44,0.22,NUC
647,0.55,0.54,0.56,0.22,0.5,0,0.5,0.37,NUC
648,0.51,0.55,0.35,0.16,0.5,0,0.51,0.47,ME3
649,0.45,0.56,0.53,0.32,0.5,0,0.57,0.22,CYT
650,0.32,0.47,0.55,0.12,0.5,0,0.52,0.22,CYT
651,0.55,0.46,0.46,0.31,0.5,0,0.58,0.48,NUC
652,0.56,0.62,0.53,0.24,0.5,0,0.57,0.22,CYT
653,0.58,0.6,0.51,0.24,0.5,0,0.53,0.22,CYT
654,0.35,0.36,0.57,0.17,0.5,0,0.52,0.22,CYT
655,0.45,0.4,0.56,0.14,0.5,0,0.54,0.22,CYT
656,0.5,0.5,0.48,0.17,0.5,0,0.47,0.26,CYT
657,0.6,0.6,0.49,0.3,0.5,0,0.53,0.22,NUC
658,0.49,0.46,0.34,0.21,0.5,0,0.55,0.22,ME3
659,0.45,0.42,0.52,0.2,0.5,0,0.5,0.25,CYT
660,0.37,0.33,0.5,0.12,0.5,0,0.51,0.54,CYT
661,0.27,0.51,0.47,0.35,0.5,0,0.49,0.28,NUC
662,0.64,0.53,0.45,0.13,0.5,0,0.53,0.22,CYT
663,0.52,0.51,0.51,0.12,0.5,0,0.51,0.4,CYT
664,0.44,0.51,0.48,0.38,0.5,0,0.52,0.22,CYT
665,0.58,0.41,0.51,0.26,0.5,0,0.51,0.37,CYT
666,0.37,0.34,0.58,0.24,0.5,0,0.44,0.18,NUC
667,0.61,0.57,0.45,0.21,0.5,0,0.5,0.42,NUC
668,0.53,0.68,0.34,0.42,0.5,0,0.54,0.27,ME3
669,0.85,0.85,0.3,0.31,0.5,0,0.55,0.42,ME1
670,0.55,0.53,0.56,0.29,0.5,0,0.48,0.22,MIT
671,0.38,0.46,0.52,0.75,0.5,0,0.5,0.26,MIT
672,0.43,0.44,0.3,0.18,0.5,0,0.51,0.22,ME3
673,0.43,0.45,0.37,0.12,0.5,0,0.48,0.22,ME3
674,0.45,0.57,0.3,0.17,0.5,0,0.51,0.22,ME3
675,0.42,0.44,0.33,0.17,0.5,0,0.54,0.27,ME3
676,0.45,0.54,0.54,0.62,0.5,0,0.53,0.22,MIT
677,0.51,0.34,0.43,0.18,0.5,0,0.48,0.25,CYT
678,0.45,0.38,0.59,0.18,0.5,0,0.44,0.45,NUC
679,0.89,0.81,0.36,0.71,0.5,0,0.55,0.63,ME1
680,0.58,0.55,0.52,0.22,0.5,0,0.44,0.22,MIT
681,0.5,0.45,0.49,0.3,0.5,0,0.47,0.4,NUC
682,0.47,0.43,0.35,0.32,0.5,0,0.54,0.22,ME3
683,0.7,0.73,0.38,0.36,0.5,0,0.54,0.22,ME1
684,0.84,0.63,0.38,0.23,0.5,0,0.53,0.22,EXC
685,0.36,0.44,0.57,0.18,0.5,0,0.42,0.22,MIT
686,0.48,0.57,0.52,0.61,0.5,0,0.51,0.22,MIT
687,0.68,0.5,0.55,0.65,0.5,0,0.46,0.31,MIT
688,0.52,0.49,0.57,0.57,0.5,0,0.51,0.22,NUC
689,0.18,0.48,0.46,0.12,0.5,0,0,0.25,NUC
690,0.53,0.51,0.51,0.11,0.5,0,0.49,0.41,NUC
691,0.58,0.49,0.5,0.41,0.5,0,0.57,0.22,MIT
692,0.57,0.44,0.42,0.2,0.5,0,0.54,0.22,CYT
693,0.55,0.65,0.5,0.28,0.5,0,0.55,0.22,NUC
694,0.29,0.46,0.54,0.27,0.5,0,0.49,0.22,CYT
695,0.66,0.52,0.52,0.44,0.5,0,0.56,0.27,MIT
696,0.37,0.31,0.53,0.16,0.5,0,0.53,0.44,NUC
697,0.45,0.73,0.47,0.65,0.5,0,0.54,0.43,MIT
698,0.66,0.54,0.49,0.16,0.5,0,0.54,0.36,NUC
699,0.42,0.5,0.53,0.22,0.5,0.83,0.5,0.22,POX
700,0.59,0.57,0.43,0.26,0.5,0,0.51,0.22,MIT
701,0.39,0.3,0.56,0.12,0.5,0,0.53,0.38,NUC
702,0.41,0.54,0.58,0.2,0.5,0,0.52,0.22,MIT
703,0.45,0.43,0.63,0.4,0.5,0,0.59,0.11,MIT
704,0.44,0.44,0.67,0.35,0.5,0,0.48,0.26,MIT
705,0.62,0.59,0.54,0.47,0.5,0,0.46,0.22,MIT
706,0.51,0.48,0.51,0.43,0.5,0,0.49,0.22,MIT
707,0.46,0.46,0.56,0.12,0.5,0,0.55,0.22,MIT
708,0.36,0.39,0.55,0.26,0.5,0,0.49,0.22,NUC
709,0.47,0.59,0.37,0.31,0.5,0,0.51,0.36,NUC
710,0.33,0.46,0.53,0.29,0.5,0,0.5,0.55,NUC
711,0.11,0.41,0.67,0.13,0.5,0,0.45,0.29,NUC
712,0.47,0.5,0.55,0.19,0.5,0,0.62,0.22,CYT
713,0.49,0.44,0.51,0.18,0.5,0,0.52,0.27,CYT
714,0.43,0.28,0.53,0.34,0.5,0,0.55,0.57,NUC
715,0.3,0.55,0.58,0.16,0.5,0,0.61,0.28,NUC
716,0.83,0.57,0.42,0.57,0.5,0,0.5,0.32,ME2
717,0.52,0.64,0.34,0.16,0.5,0,0.57,0.22,MIT
718,0.58,0.51,0.56,0.16,0.5,0,0.34,0.22,NUC
719,0.69,0.39,0.52,0.12,0.5,0,0.38,0.35,CYT
720,0.47,0.43,0.59,0.27,0.5,0,0.55,0.22,POX
721,0.45,0.46,0.61,0.2,0.5,0,0.62,0.22,CYT
722,0.61,0.46,0.44,0.47,0.5,0,0.5,0.37,NUC
723,0.8,0.82,0.57,0.26,0.5,0,0.57,0.27,VAC
724,0.75,0.6,0.43,0.35,0.5,0,0.45,0.27,MIT
725,0.57,0.49,0.5,0.2,0.5,0,0.51,0.28,CYT
726,0.74,0.74,0.51,0.27,0.5,0,0.5,0.22,EXC
727,0.4,0.37,0.54,0.13,0.5,0,0.48,0.22,NUC
728,0.45,0.4,0.43,0.22,0.5,0,0.51,0.48,NUC
729,0.74,0.71,0.52,0.3,0.5,0,0.27,0.22,EXC
730,0.4,0.39,0.33,0.17,0.5,0,0.51,0.31,VAC
731,0.97,0.71,0.29,0.42,0.5,0,0.35,0.22,ME2
732,0.44,0.43,0.34,0.21,0.5,0,0.55,0.4,ME3
733,0.56,0.5,0.56,0.26,0.5,0,0.53,0.27,NUC
734,0.41,0.53,0.41,0.15,0.5,0,0.54,0.25,NUC
735,0.66,0.55,0.34,0.2,0.5,0,0.62,0.22,ME3
736,0.75,0.69,0.48,0.13,0.5,0,0.57,0.4,VAC
737,0.42,0.53,0.57,0.17,0.5,0,0.49,0.22,CYT
738,0.33,0.35,0.56,0.19,0.5,0,0.5,0.22,NUC
739,0.77,0.57,0.45,0.17,0.5,0,0.53,0.22,CYT
740,0.56,0.59,0.54,0.18,0.5,0,0.48,0.46,NUC
741,0.68,0.39,0.5,0.15,0.5,0,0.48,0.37,NUC
742,0.32,0.48,0.49,0.17,0.5,0,0.47,0.22,NUC
743,0.51,0.39,0.56,0.25,0.5,0,0.51,0.33,NUC
744,0.51,0.51,0.56,0.28,0.5,0,0.54,0.27,CYT
745,0.48,0.56,0.49,0.32,0.5,0,0.5,0.22,CYT
746,0.29,0.4,0.41,0.48,0.5,0,0.53,0.3,NUC
747,0.61,0.55,0.51,0.26,0.5,0,0.52,0.22,CYT
748,0.5,0.62,0.52,0.3,0.5,0,0.56,0.22,MIT
749,0.64,0.53,0.59,0.14,0.5,0,0.53,0.22,MIT
750,0.38,0.31,0.59,0.19,0.5,0,0.46,0.22,MIT
751,0.51,0.55,0.56,0.18,0.5,0,0.5,0.38,NUC
752,0.64,0.5,0.53,0.1,0.5,0,0.51,0.22,NUC
753,0.49,0.67,0.5,0.28,0.5,0,0.43,0.22,NUC
754,0.32,0.49,0.53,0.28,0.5,0,0.5,0.5,NUC
755,0.42,0.21,0.59,0.3,0.5,0,0.47,0.27,NUC
756,0.37,0.58,0.5,0.22,0.5,0,0.47,0.22,NUC
757,0.43,0.33,0.54,0.37,0.5,0,0.38,0.16,CYT
758,0.57,0.37,0.43,0.27,0.5,0,0.53,0.28,NUC
759,0.48,0.45,0.63,0.19,0.5,0,0.58,0.22,NUC
760,0.52,0.46,0.56,0.25,0.5,0,0.52,0.22,NUC
761,0.31,0.6,0.65,0.18,0.5,0,0.46,0.22,NUC
762,0.57,0.42,0.63,0.22,0.5,0,0.68,0.32,NUC
763,0.46,0.35,0.69,0.18,0.5,0,0.3,0.25,CYT
764,0.57,0.43,0.52,0.3,0.5,0,0.37,0.11,CYT
765,0.61,0.48,0.56,0.19,0.5,0,0.53,0.31,CYT
766,0.4,0.45,0.61,0.29,0.5,0,0.44,0.22,CYT
767,0.73,0.6,0.47,0.2,0.5,0,0.72,0.22,CYT
768,0.46,0.33,0.45,0.22,0.5,0,0.41,0.37,CYT
769,0.32,0.44,0.54,0.21,0.5,0,0.4,0.19,CYT
770,0.5,0.5,0.62,0.23,0.5,0,0.35,0.11,CYT
771,0.53,0.57,0.6,0.36,0.5,0,0.5,0.22,CYT
772,0.37,0.37,0.51,0.38,0.5,0,0.44,0.22,CYT
773,0.56,0.42,0.52,0.14,0.5,0,0.51,0.22,CYT
774,0.46,0.49,0.55,0.18,0.5,0,0.56,0.22,NUC
775,0.53,0.51,0.55,0.57,0.5,0,0.46,0.22,MIT
776,0.38,0.4,0.53,0.12,0.5,0,0.55,0.22,CYT
777,0.54,0.51,0.56,0.15,0.5,0,0.54,0.31,CYT
778,0.37,0.42,0.46,0.15,0.5,0,0.51,0.31,ME2
779,0.7,0.78,0.53,0.24,0.5,0,0.48,0.22,VAC
780,0.45,0.65,0.51,0.17,0.5,0,0.49,0.22,NUC
781,0.42,0.42,0.55,0.31,0.5,0,0.43,0.22,NUC
782,0.8,0.69,0.53,0.33,0.5,0,0.51,0.22,ME2
783,0.57,0.51,0.34,0.13,0.5,0,0.53,0.27,MIT
784,0.33,0.46,0.6,0.18,0.5,0,0.51,0.26,NUC
785,0.36,0.32,0.55,0.27,0.5,0,0.47,0.43,NUC
786,0.46,0.41,0.45,0.23,0.5,0,0.48,0.22,NUC
787,0.4,0.39,0.6,0.23,0.5,0,0.52,0.31,NUC
788,0.77,0.73,0.49,0.46,0.5,0,0.38,0.22,EXC
789,0.53,0.25,0.59,0.27,0.5,0,0.45,0.26,NUC
790,0.25,0.33,0.48,0.18,0.5,0,0.42,0.33,NUC
791,0.56,0.52,0.46,0.17,0.5,0,0.49,0.73,CYT
792,0.51,0.48,0.51,0.19,0.5,0,0.51,0.27,CYT
793,0.6,0.46,0.51,0.1,0.5,0,0.48,0.31,CYT
794,0.6,0.46,0.51,0.1,0.5,0,0.48,0.31,CYT
795,0.44,0.39,0.63,0.11,0.5,0,0.49,0.26,NUC
796,0.25,0.42,0.21,0.14,0.5,0,0.41,0.22,ME3
797,0.83,0.81,0.45,0.38,0.5,0,0.4,0.26,EXC
798,0.38,0.51,0.56,0.21,0.5,0,0.48,0.31,NUC
799,0.44,0.4,0.53,0.19,0.5,0,0.48,0.27,CYT
800,0.48,0.54,0.56,0.29,0.5,0,0.51,0.43,NUC
801,0.33,0.37,0.49,0.22,0.5,0,0.55,0.22,CYT
802,0.78,0.73,0.27,0.28,0.5,0,0.56,0.22,ME1
803,0.63,0.64,0.49,0.2,0.5,0,0.52,0.25,CYT
804,0.39,0.47,0.49,0.2,0.5,0,0.53,0.26,CYT
805,0.61,0.52,0.5,0.44,0.5,0,0.53,0.22,CYT
806,0.54,0.48,0.55,0.33,0.5,0,0.55,0.4,CYT
807,0.58,0.51,0.63,0.2,0.5,0,0.5,0.42,NUC
808,0.38,0.42,0.5,0.19,0.5,0,0.44,0.22,CYT
809,0.32,0.32,0.52,0.18,0.5,0,0.48,0.34,CYT
810,0.44,0.55,0.51,0.16,0.5,0,0.6,0.22,CYT
811,0.8,0.83,0.43,0.24,0.5,0,0.54,0.22,ME1
812,0.58,0.55,0.51,0.13,0.5,0,0.52,0.22,CYT
813,0.52,0.49,0.59,0.21,0.5,0,0.47,0.22,NUC
814,0.42,0.37,0.54,0.17,0.5,0,0.51,0.22,CYT
815,0.39,0.45,0.75,0.17,0.5,0,0.51,0.22,CYT
816,0.53,0.45,0.52,0.29,0.5,0,0.55,0.38,MIT
817,0.62,0.6,0.54,0.22,0.5,0,0.54,0.27,CYT
818,0.48,0.44,0.51,0.24,0.5,0,0.49,0.22,CYT
819,0.79,0.62,0.35,0.35,0.5,0,0.6,0.28,ME2
820,0.19,0.41,0.55,0.13,0.5,0,0.52,0.25,CYT
821,0.27,0.43,0.5,0.13,0.5,0,0.54,0.31,CYT
822,0.42,0.46,0.44,0.17,0.5,0,0.51,0.42,CYT
823,0.42,0.51,0.33,0.16,0.5,0,0.54,0.22,ME3
824,0.36,0.51,0.51,0.17,0.5,0,0.52,0.22,VAC
825,0.5,0.55,0.52,0.16,0.5,0,0.51,0.31,CYT
826,0.25,0.4,0.54,0.16,0.5,0,0.43,0.22,CYT
827,0.5,0.4,0.57,0.17,0.5,0,0.59,0.22,CYT
828,0.78,0.71,0.35,0.25,0.5,0,0.49,0.22,ME1
829,0.51,0.39,0.56,0.55,0.5,0,0.46,0.64,MIT
830,0.49,0.49,0.4,0.2,0.5,0,0.48,0.26,ME3
831,0.5,0.47,0.56,0.31,0.5,0,0.56,0.26,CYT
832,0.45,0.39,0.46,0.29,0.5,0,0.42,0.22,MIT
833,0.32,0.3,0.57,0.38,0.5,0,0.5,0.25,NUC
834,0.45,0.5,0.43,0.16,0.5,0,0.52,0.28,ME3
835,0.22,0.53,0.36,0.22,0.5,0,0.54,0.31,ME3
836,0.57,0.52,0.46,0.2,0.5,0.83,0.52,0.41,POX
837,0.56,0.71,0.47,0.21,0.5,0,0.52,0.22,MIT
838,0.58,0.63,0.52,0.7,0.5,0,0.46,0.22,MIT
839,0.28,0.48,0.36,0.16,0.5,0,0.53,0.22,ME3
840,0.52,0.65,0.36,0.26,0.5,0,0.44,0.22,ME3
841,0.64,0.44,0.56,0.15,0.5,0,0.56,0.22,CYT
842,0.42,0.71,0.45,0.15,0.5,0,0.48,0.22,ME3
843,0.38,0.56,0.38,0.16,0.5,0,0.53,0.22,ME3
844,0.92,0.66,0.52,0.23,0.5,0,0.53,0.22,ME1
845,0.8,0.73,0.47,0.19,0.5,0,0.49,0.22,ME1
846,0.52,0.46,0.34,0.2,0.5,0,0.51,0.25,ME3
847,0.36,0.48,0.61,0.26,0.5,0,0.5,0.16,NUC
848,0.3,0.37,0.4,0.45,0.5,0,0.48,0.41,ME3
849,0.43,0.4,0.6,0.16,0.5,0,0.53,0.39,NUC
850,0.72,0.61,0.45,0.3,0.5,0,0.54,0.25,MIT
851,0.43,0.57,0.51,0.49,0.5,0,0.48,0.22,MIT
852,0.36,0.46,0.62,0.46,0.5,0,0.51,0.33,CYT
853,0.27,0.6,0.48,0.23,0.5,0,0.55,0.22,CYT
854,0.51,0.34,0.5,0.19,0.5,0,0.5,0.22,NUC
855,0.38,0.37,0.56,0.21,0.5,0,0.49,0.22,NUC
856,0.56,0.52,0.48,0.17,0.5,0,0.46,0.22,NUC
857,0.36,0.49,0.3,0.22,0.5,0,0.52,0.31,ME3
858,0.81,0.9,0.39,0.41,0.5,0,0.53,0.22,ME2
859,0.44,0.34,0.55,0.18,0.5,0,0.52,0.22,CYT
860,0.43,0.54,0.58,0.16,0.5,0,0.5,0.36,NUC
861,0.51,0.63,0.3,0.35,0.5,0,0.53,0.27,ME3
862,0.57,0.61,0.55,0.67,0.5,0,0.48,0.22,MIT
863,0.32,0.36,0.34,0.19,0.5,0,0.55,0.26,ME3
864,0.52,0.48,0.58,0.55,0.5,0,0.48,0.22,CYT
865,0.48,0.48,0.5,0.47,0.5,0,0.55,0.22,MIT
866,0.78,0.48,0.47,0.3,0.5,0,0.53,0.47,ME2
867,0.5,0.34,0.62,0.19,0.5,0,0.57,0.22,CYT
868,0.33,0.38,0.53,0.26,0.5,0,0.52,0.27,NUC
869,0.4,0.52,0.53,0.52,0.5,0,0.51,0.22,MIT
870,0.72,0.56,0.4,0.26,0.5,0,0.51,0.26,ME2
871,0.5,0.56,0.49,0.61,0.5,0,0.5,0.22,MIT
872,0.7,0.84,0.49,0.28,1,0,0.58,0.22,ERL
873,0.39,0.81,0.35,0.28,0.5,0,0.51,0.45,ME3
874,0.45,0.53,0.51,0.42,0.5,0,0.52,0.22,MIT
875,0.39,0.44,0.54,0.24,0.5,0,0.51,0.49,NUC
876,0.66,0.55,0.54,0.18,0.5,0,0.43,0.22,CYT
877,0.45,0.5,0.57,0.29,0.5,0,0.44,0.11,CYT
878,0.39,0.65,0.57,0.19,0.5,0,0.44,0.25,CYT
879,0.39,0.65,0.57,0.19,0.5,0,0.43,0.25,CYT
880,0.47,0.55,0.57,0.17,0.5,0,0.52,0.66,NUC
881,0.37,0.4,0.38,0.18,0.5,0,0.51,0.22,ME3
882,0.55,0.57,0.51,0.07,0.5,0,0.55,0.22,CYT
883,0.66,0.65,0.54,0.4,0.5,0,0.51,0.22,EXC
884,0.5,0.43,0.5,0.17,0.5,0,0.46,0.47,NUC
885,0.19,0.66,0.6,0.14,0.5,0,0.2,0.25,NUC
886,0.48,0.17,0.37,0.33,0.5,0,0.44,0.36,NUC
887,0.4,0.36,0.32,0.16,0.5,0,0.51,0.27,VAC
888,0.29,0.26,0.43,0.17,0.5,0,0.55,0.3,ME3
889,0.82,0.63,0.47,0.18,0.5,0,0.5,0.22,POX
890,0.51,0.45,0.62,0.25,0.5,0,0.59,0.22,MIT
891,0.58,0.61,0.47,0.13,0.5,0,0.48,0.22,MIT
892,0.6,0.4,0.52,0.46,0.5,0,0.53,0.22,MIT
893,0.66,0.55,0.45,0.19,0.5,0,0.46,0.22,MIT
894,0.43,0.53,0.52,0.13,0.5,0,0.55,0.22,CYT
895,0.63,0.67,0.57,0.24,0.5,0,0.49,0.22,MIT
896,0.38,0.61,0.61,0.12,0.5,0,0.53,0.47,CYT
897,0.74,0.57,0.51,0.28,0.5,0,0.58,0.22,VAC
898,0.42,0.24,0.34,0.16,0.5,0,0.5,0.22,ME3
899,0.64,0.56,0.56,0.22,0.5,0,0.45,0.22,CYT
900,0.43,0.35,0.52,0.52,0.5,0,0.54,0.22,MIT
901,0.47,0.39,0.59,0.15,0.5,0,0.57,0.22,CYT
902,0.63,0.53,0.54,0.4,0.5,0,0.5,0.22,MIT
903,0.39,0.44,0.35,0.16,0.5,0,0.55,0.22,ME3
904,0.5,0.52,0.59,0.3,0.5,0,0.51,0.35,NUC
905,0.4,0.45,0.56,0.2,0.5,0,0.45,0.22,CYT
906,0.61,0.72,0.39,0.33,0.5,0,0.58,0.22,MIT
907,0.3,0.56,0.55,0.18,0.5,0,0.5,0.22,CYT
908,0.45,0.41,0.5,0.46,0.5,0.5,0.5,0.27,POX
909,0.67,0.62,0.54,0.43,0.5,0,0.53,0.22,MIT
910,0.6,0.5,0.57,0.25,0.5,0,0.41,0.26,CYT
911,0.47,0.32,0.64,0.3,0.5,0,0.63,0.22,NUC
912,0.28,0.37,0.61,0.09,0.5,0,0.52,0.55,NUC
913,0.42,0.43,0.56,0.1,0.5,0,0.49,0.22,CYT
914,0.49,0.47,0.53,0.16,0.5,0,0.48,0.27,NUC
915,0.4,0.42,0.71,0.21,0.5,0,0.54,0.32,CYT
916,0.21,0.41,0.55,0.11,0.5,0,0.5,0.27,CYT
917,0.49,0.43,0.51,0.13,0.5,0,0.47,0.22,CYT
918,0.54,0.38,0.52,0.18,0.5,0,0.48,0.22,CYT
919,0.52,0.51,0.51,0.54,0.5,0,0.55,0.27,MIT
920,0.63,0.56,0.45,0.58,0.5,0,0.51,0.22,MIT
921,0.58,0.58,0.58,0.49,0.5,0,0.49,0.26,MIT
922,0.72,0.62,0.34,0.29,0.5,0,0.56,0.28,MIT
923,0.72,0.61,0.37,0.3,0.5,0,0.57,0.22,MIT
924,0.46,0.43,0.38,0.33,0.5,0,0.48,0.28,MIT
925,0.55,0.45,0.45,0.54,0.5,0,0.5,0.22,MIT
926,0.47,0.46,0.59,0.49,0.5,0,0.56,0.22,MIT
927,0.78,0.74,0.58,0.25,1,0,0.53,0.22,ERL
928,0.7,0.65,0.54,0.28,0.5,0,0.6,0.4,VAC
929,0.41,0.45,0.53,0.17,0.5,0,0.51,0.25,NUC
930,0.36,0.37,0.33,0.14,0.5,0,0.57,0.31,ME3
931,0.46,0.54,0.71,0.15,0.5,0,0.59,0.22,MIT
932,0.45,0.27,0.57,0.36,0.5,0,0.52,0.18,CYT
933,0.27,0.39,0.66,0.11,0.5,0,0.44,0.22,MIT
934,0.34,0.42,0.3,0.23,0.5,0,0.53,0.22,ME3
935,0.42,0.32,0.5,0.21,0.5,0,0.51,0.22,NUC
936,0.36,0.24,0.49,0.16,0.5,0,0.51,0.22,NUC
937,0.6,0.56,0.47,0.2,0.5,0,0.5,0.38,NUC
938,0.5,0.51,0.52,0.09,0.5,0,0.48,0.25,NUC
939,0.46,0.43,0.49,0.79,0.5,0,0.49,0.63,NUC
940,0.56,0.52,0.55,0.19,0.5,0,0.54,0.22,CYT
941,0.61,0.3,0.59,0.12,0.5,0,0.49,0.27,NUC
942,0.78,0.7,0.32,0.23,0.5,0,0.53,0.22,ME1
943,0.52,0.75,0.37,0.14,0.5,0,0.46,0.22,ME3
944,0.59,0.58,0.46,0.19,0.5,0,0.56,0.27,CYT
945,0.53,0.68,0.42,0.19,0.5,0,0.53,0.22,ME3
946,0.73,0.55,0.41,0.16,0.5,0,0.46,0.22,ME2
947,0.77,0.87,0.47,0.37,0.5,0,0.48,0.22,EXC
948,0.43,0.51,0.48,0.14,0.5,0,0.5,0.22,CYT
949,0.33,0.44,0.49,0.08,0.5,0,0.48,0.49,NUC
950,0.47,0.47,0.58,0.16,0.5,0,0.49,0.28,CYT
951,0.37,0.34,0.32,0.22,0.5,0,0.56,0.22,ME3
952,0.37,0.43,0.62,0.27,0.5,0,0.48,0.22,NUC
953,0.7,0.69,0.43,0.33,0.5,0,0.58,0.22,ME1
954,0.51,0.35,0.46,0.15,0.5,0,0.51,0.42,CYT
955,0.59,0.65,0.52,0.3,0.5,0,0.46,0.31,CYT
956,0.54,0.56,0.57,0.18,0.5,0,0.45,0.25,NUC
957,0.49,0.43,0.48,0.15,0.5,0,0.55,0.25,CYT
958,0.49,0.47,0.52,0.16,0.5,0,0.53,0.28,CYT
959,0.49,0.42,0.54,0.17,0.5,0,0.5,0.36,CYT
960,0.2,0.34,0.33,0.1,0.5,0,0.48,0.31,ME3
961,0.55,0.41,0.56,0.21,0.5,0,0.52,0.22,CYT
962,0.28,0.51,0.55,0.11,0.5,0,0.46,0.22,NUC
963,0.56,0.57,0.63,0.39,1,0,0.59,0.4,NUC
964,0.35,0.4,0.53,0.18,0.5,0,0.42,0.38,CYT
965,0.47,0.45,0.53,0.62,0.5,0,0.46,0.22,MIT
966,0.39,0.39,0.55,0.52,0.5,0,0.37,0.16,NUC
967,0.48,0.57,0.5,0.09,0.5,0,0.52,0.42,NUC
968,0.44,0.41,0.58,0.2,0.5,0,0.57,0.25,CYT
969,0.45,0.56,0.51,0.64,0.5,0,0.54,0.22,MIT
970,0.44,0.53,0.52,0.37,0.5,0,0.5,0.22,NUC
971,0.41,0.3,0.49,0.28,0.5,0,0.54,0.22,CYT
972,0.51,0.43,0.63,0.18,0.5,0,0.52,0.22,CYT
973,0.47,0.59,0.43,0.13,0.5,0,0.56,0.3,ME3
974,0.4,0.45,0.42,0.17,0.5,0,0.54,0.26,ME3
975,0.49,0.41,0.32,0.21,0.5,0,0.5,0.32,ME3
976,0.35,0.53,0.35,0.33,0.5,0,0.5,0.32,ME3
977,0.46,0.41,0.5,0.44,0.5,0,0.53,0.22,MIT
978,0.7,0.73,0.37,0.37,0.5,0,0.48,0.31,ME1
979,0.23,0.34,0.41,0.28,0.5,0,0.5,0.27,NUC
980,0.34,0.31,0.6,0.37,0.5,0,0.5,0.3,NUC
981,0.38,0.49,0.54,1,0.5,0,0.5,0.27,CYT
982,0.27,0.56,0.56,0.18,0.5,0,0.52,0.22,CYT
983,0.76,0.74,0.56,0.34,0.5,0,0.51,0.3,ME2
984,0.42,0.32,0.48,0.16,0.5,0,0.55,0.22,VAC
985,0.36,0.34,0.46,0.19,0.5,0,0.52,0.22,ME2
986,0.44,0.41,0.44,0.13,0.5,0,0.49,0.42,NUC
987,0.46,0.14,0.36,0.21,0.5,0,0.5,0.25,ME3
988,0.39,0.37,0.56,0.15,0.5,0,0.5,0.27,CYT
989,0.47,0.54,0.54,0.48,0.5,0,0.53,0.26,MIT
990,0.72,0.58,0.42,0.28,0.5,0,0.48,0.22,MIT
991,0.81,0.65,0.52,0.41,0.5,0,0.57,0.26,MIT
992,0.62,0.6,0.47,0.16,0.5,0,0.53,0.22,CYT
993,0.4,0.53,0.61,0.21,0.5,0,0.48,0.33,NUC
994,0.46,0.42,0.6,0.21,0.5,0,0.4,0.22,EXC
995,0.79,0.74,0.49,0.33,0.5,0,0.48,0.22,EXC
996,0.74,0.56,0.35,0.36,0.5,0,0.51,0.25,ME2
997,0.67,0.51,0.54,0.21,0.5,0,0.43,0.3,MIT
998,0.5,0.46,0.64,0.36,0.5,0,0.49,0.22,MIT
999,0.6,0.46,0.59,0.16,0.5,0,0.49,0.22,MIT
1000,0.58,0.53,0.57,0.46,0.5,0,0.51,0.27,MIT
1001,0.61,0.46,0.51,0.37,0.5,0,0.51,0.22,MIT
1002,0.53,0.4,0.57,0.12,0.5,0,0.53,0.32,NUC
1003,0.46,0.44,0.53,0.31,0.5,0,0.48,0.22,MIT
1004,0.57,0.4,0.48,0.24,0.5,0,0.55,0.22,CYT
1005,0.39,0.35,0.49,0.17,0.5,0,0.49,0.22,NUC
1006,0.43,0.4,0.5,0.18,0.5,0,0.5,0.28,CYT
1007,0.81,0.79,0.32,0.37,0.5,0,0.41,0.22,ME1
1008,0.53,0.61,0.51,0.49,0.5,0,0.54,0.27,MIT
1009,0.35,0.44,0.54,0.26,0.5,0,0.52,0.26,NUC
1010,0.29,0.34,0.55,0.24,0.5,0,0.51,0.22,CYT
1011,0.47,0.47,0.5,0.15,0.5,0,0.5,0.48,NUC
1012,0.48,0.49,0.45,0.23,0.5,0,0.51,0.22,ME3
1013,0.76,0.67,0.37,0.22,0.5,0,0.54,0.22,ME2
1014,0.28,0.48,0.56,0.16,0.5,0,0.48,0.26,CYT
1015,0.5,0.5,0.54,0.16,0.5,0,0.49,0.22,POX
1016,0.53,0.51,0.36,0.13,0.5,0,0.52,0.22,ME3
1017,0.37,0.42,0.6,0.13,0.5,0,0.51,0.22,NUC
1018,0.74,0.89,0.32,0.24,0.5,0,0.54,0.32,ME1
1019,0.67,0.46,0.58,0.3,0.5,0,0.57,0.27,NUC
1020,0.26,0.28,0.6,0.2,0.5,0,0.54,0.31,MIT
1021,0.59,0.45,0.58,0.21,0.5,0,0.49,0.22,MIT
1022,0.47,0.49,0.6,0.15,0.5,0,0.38,0.22,CYT
1023,0.46,0.46,0.53,0.23,0.5,0,0.51,0.22,CYT
1024,0.43,0.45,0.53,0.19,0.5,0,0.56,0.22,CYT
1025,0.48,0.46,0.58,0.26,0.5,0,0.44,0.22,NUC
1026,0.77,0.72,0.48,0.26,0.5,0,0.51,0.22,EXC
1027,0.44,0.42,0.57,0.22,0.5,0,0.5,0.25,NUC
1028,0.53,0.54,0.43,0.18,0.5,0,0.53,0.31,NUC
1029,0.38,0.45,0.37,0.19,0.5,0,0.52,0.3,ME3
1030,0.47,0.54,0.53,0.77,0.5,0,0.52,0.36,MIT
1031,0.77,0.73,0.51,0.27,0.5,0,0.34,0.22,EXC
1032,0.36,0.39,0.54,0.16,0.5,0,0.5,0.28,NUC
1033,0.37,0.48,0.5,0.26,0.5,0,0.52,0.39,NUC
1034,0.5,0.45,0.53,0.21,0.5,0,0.28,0.22,NUC
1035,0.46,0.37,0.48,0.36,0.5,0,0.48,0.22,POX
1036,0.55,0.63,0.54,0.16,0.5,0,0.45,0.27,CYT
1037,0.53,0.59,0.48,0.14,0.5,0,0.51,0.22,CYT
1038,0.33,0.39,0.52,0.09,0.5,0,0.47,0.28,NUC
1039,0.3,0.3,0.46,0.32,0.5,0,0.45,0.22,NUC
1040,0.52,0.37,0.48,0.13,0.5,0,0.55,0.22,NUC
1041,0.59,0.46,0.48,0.46,0.5,0,0.49,0.22,CYT
1042,0.51,0.46,0.4,0.65,0.5,0,0.49,0.22,MIT
1043,0.81,0.55,0.35,0.34,0.5,0,0.51,0.22,ME2
1044,0.53,0.45,0.53,0.18,0.5,0,0.42,0.22,CYT
1045,0.58,0.53,0.33,0.26,0.5,0,0.51,0.22,ME3
1046,0.43,0.46,0.5,0.21,0.5,0,0.49,0.34,CYT
1047,0.24,0.41,0.47,0.16,0.5,0,0.51,0.38,NUC
1048,0.61,0.39,0.53,0.14,0.5,0,0.43,0.26,NUC
1049,0.43,0.48,0.53,0.18,0.5,0,0.46,0.22,NUC
1050,0.55,0.59,0.53,0.15,0.5,0,0.49,0.22,NUC
1051,0.48,0.47,0.59,0.41,0.5,0,0.56,0.27,NUC
1052,0.54,0.53,0.53,0.17,0.5,0,0.51,0.39,NUC
1053,0.44,0.45,0.53,0.19,0.5,0,0.41,0.28,NUC
1054,0.46,0.41,0.58,0.1,0.5,0,0.48,0.22,NUC
1055,0.4,0.66,0.34,0.21,0.5,0,0.52,0.26,NUC
1056,0.56,0.51,0.32,0.49,0.5,0,0.48,0.22,NUC
1057,0.47,0.45,0.51,0.33,0.5,0,0.46,0.26,NUC
1058,0.38,0.4,0.59,0.25,0.5,0,0.44,0.22,CYT
1059,0.54,0.55,0.56,0.14,0.5,0,0.5,0.25,CYT
1060,0.45,0.5,0.57,0.29,0.5,0,0.44,0.11,CYT
1061,0.51,0.39,0.58,0.19,0.5,0,0.47,0.22,CYT
1062,0.34,0.48,0.47,0.19,0.5,0,0.5,0.3,NUC
1063,0.54,0.57,0.55,0.18,0.5,0,0.5,0.22,NUC
1064,0.34,0.47,0.48,0.32,0.5,0,0.42,0.22,NUC
1065,0.29,0.4,0.5,0.16,0.5,0,0.51,0.34,NUC
1066,0.59,0.51,0.48,0.12,0.5,0,0.54,0.31,CYT
1067,0.72,0.37,0.63,0.38,0.5,0,0.4,0.14,CYT
1068,0.63,0.64,0.45,0.26,0.5,0,0.43,0.22,CYT
1069,0.43,0.33,0.67,0.12,0.5,0,0.45,0.23,CYT
1070,0.38,0.43,0.53,0.22,0.5,0,0.48,0.11,CYT
1071,0.43,0.22,0.79,0.79,0.5,0,0.22,0,CYT
1072,0.35,0.21,1,0.8,0.5,0,0.13,0.01,CYT
1073,0.56,0.35,0.47,0.35,0.5,0,0.52,0.22,CYT
1074,0.48,0.46,0.58,0.16,0.5,0,0.45,0.22,CYT
1075,0.48,0.55,0.48,0.1,0.5,0,0.55,0.22,CYT
1076,0.78,0.82,0.56,0.21,0.5,0,0.69,0.22,CYT
1077,0.42,0.49,0.49,0.36,0.5,0,0.57,0.26,MIT
1078,0.46,0.54,0.59,0.41,0.5,0,0.53,0.21,CYT
1079,0.53,0.57,0.6,0.36,0.5,0,0.5,0.22,CYT
1080,0.37,0.3,0.62,0.43,0.5,0,0.44,0.39,CYT
1081,0.41,0.46,0.58,0.08,0.5,0,0.51,0.28,NUC
1082,0.57,0.5,0.4,0.08,0.5,0,0.47,0.22,ME3
1083,0.34,0.25,0.55,0.28,0.5,0,0.51,0.49,CYT
1084,0.59,0.54,0.53,0.14,0.5,0,0.48,0.22,CYT
1085,0.39,1,0.38,0.41,0.5,0,0.5,0.27,MIT
1086,0.39,0.46,0.33,0.18,0.5,0,0.53,0.22,ME3
1087,0.55,0.52,0.44,0.2,0.5,0,0.56,0.22,ME2
1088,0.58,0.56,0.46,0.14,0.5,0,0.51,0.22,CYT
1089,0.46,0.38,0.51,0.2,0.5,0,0.51,0.22,CYT
1090,0.55,0.72,0.35,0.26,0.5,0,0.49,0.22,ME3
1091,0.59,0.55,0.57,0.18,0.5,0,0.51,0.22,CYT
1092,0.48,0.51,0.5,0.24,0.5,0,0.54,0.38,CYT
1093,0.47,0.52,0.54,0.25,0.5,0,0.54,0.29,MIT
1094,0.54,0.59,0.57,0.34,0.5,0,0.49,0.22,NUC
1095,0.53,0.49,0.47,0.21,0.5,0,0.53,0.22,CYT
1096,0.46,0.56,0.56,0.25,0.5,0,0.43,0.22,NUC
1097,0.37,0.55,0.52,0.13,0.5,0,0.42,0.8,CYT
1098,0.52,0.65,0.36,0.37,0.5,0,0.52,0.34,ME3
1099,0.19,0.16,0.68,0.36,0.5,0,0.49,0.21,NUC
1100,0.47,0.56,0.51,0.2,0.5,0,0.52,0.59,NUC
1101,0.54,0.6,0.57,0.17,0.5,0,0.44,0.22,NUC
1102,0.45,0.57,0.38,0.28,0.5,0,0.53,0.31,ME3
1103,0.52,0.47,0.58,0.18,0.5,0,0.34,0.11,CYT
1104,0.57,0.55,0.51,0.18,0.5,0,0.51,0.43,NUC
1105,0.27,0.46,0.52,0.17,0.5,0,0.49,0.44,NUC
1106,0.52,0.45,0.45,0.13,0.5,0,0.48,0.22,NUC
1107,0.44,0.59,0.54,0.18,0.5,0,0.49,0.22,NUC
1108,0.23,0.13,0.51,0.16,0.5,0,0.53,0.51,NUC
1109,0.49,0.48,0.51,0.21,0.5,0,0.53,0.22,NUC
1110,0.6,0.62,0.54,0.11,0.5,0,0.51,0.22,NUC
1111,0.31,0.5,0.54,0.32,0.5,0,0.53,0.31,NUC
1112,0.53,0.48,0.51,0.18,0.5,0,0.52,0.27,CYT
1113,0.51,0.48,0.51,0.26,0.5,0,0.51,0.27,CYT
1114,0.38,0.42,0.47,0.12,0.5,0,0.47,0.53,NUC
1115,0.3,0.45,0.55,0.19,0.5,0,0.53,0.4,CYT
1116,0.74,0.82,0.46,0.24,0.5,0,0.48,0.22,EXC
1117,0.58,0.37,0.58,0.16,0.5,0,0.51,0.22,NUC
1118,0.43,0.28,0.41,0.32,0.5,0,0.52,0.22,ME3
1119,0.41,0.49,0.55,0.13,0.5,0,0.55,0.22,CYT
1120,0.23,0.29,0.46,0,0.5,0,0.43,0.31,CYT
1121,0.61,0.54,0.54,0.38,0.5,0,0.54,0.29,MIT
1122,0.55,0.38,0.52,0.16,0.5,0,0.49,0.64,NUC
1123,0.41,0.56,0.53,0.16,0.5,0,0.55,0.26,NUC
1124,0.31,0.4,0.31,0.17,0.5,0,0.52,0.22,ME3
1125,0.59,0.48,0.49,0.42,0.5,0,0.52,0.22,CYT
1126,0.54,0.55,0.55,0.4,0.5,0,0.53,0.22,CYT
1127,0.44,0.54,0.51,0.16,0.5,0,0.58,0.22,CYT
1128,0.79,0.56,0.53,0.19,0.5,0,0.47,0.35,CYT
1129,0.52,0.5,0.6,0.2,0.5,0,0.52,0.22,CYT
1130,0.61,0.73,0.5,0.58,0.5,0,0.5,0.22,MIT
1131,0.5,0.43,0.56,0.17,0.5,0,0.35,0.22,NUC
1132,0.5,0.44,0.57,0.28,0.5,0,0.57,0.22,CYT
1133,0.6,0.57,0.63,0.22,0.5,0,0.5,0.49,NUC
1134,0.56,0.49,0.47,0.13,0.5,0,0.52,0.22,NUC
1135,0.73,0.59,0.35,0.15,0.5,0,0.54,0.22,VAC
1136,0.6,0.37,0.52,0.15,0.5,0,0.55,0.26,VAC
1137,0.64,0.61,0.56,0.15,0.5,0,0.54,0.22,VAC
1138,0.63,0.56,0.52,0.21,0.5,0,0.5,0.22,CYT
1139,0.56,0.68,0.42,0.36,0.5,0,0.49,0.22,CYT
1140,0.64,0.56,0.52,0.17,0.5,0,0.54,0.47,NUC
1141,0.69,0.66,0.36,0.09,0.5,0,0.56,0.22,ME1
1142,0.4,0.45,0.45,0.15,0.5,0,0.53,0.48,NUC
1143,0.39,0.63,0.41,0.27,0.5,0,0.49,0.22,ME3
1144,0.45,0.51,0.43,0.22,0.5,0,0.57,0.22,NUC
1145,0.77,0.78,0.27,0.37,0.5,0,0.49,0.22,ME1
1146,0.57,0.53,0.6,0.28,0.5,0,0.52,0.45,NUC
1147,0.33,0.49,0.46,0.22,0.5,0,0.53,0.33,ME3
1148,0.28,0.41,0.46,0.18,0.5,0,0.47,0.39,NUC
1149,0.24,0.25,0.57,0.28,0.5,0,0.51,0.11,CYT
1150,0.43,0.41,0.37,0.18,0.5,0,0.54,0.31,ME3
1151,0.46,0.59,0.38,0.12,0.5,0,0.5,0.22,ME3
1152,0.59,0.48,0.49,0.49,0.5,0,0.36,0.32,CYT
1153,0.61,0.76,0.3,0.16,0.5,0,0.45,0.41,ME3
1154,0.33,0.38,0.47,0.14,0.5,0,0.51,0.47,NUC
1155,0.39,0.33,0.33,0.23,0.5,0,0.47,0.22,ME3
1156,0.86,0.78,0.34,0.15,0.5,0,0.53,0.22,ME2
1157,0.72,0.73,0.41,0.28,0.5,0,0.44,0.22,ME1
1158,0.46,0.62,0.46,0.54,0.5,0,0.51,0.27,MIT
1159,0.39,0.58,0.47,0.18,0.5,0,0.48,0.22,MIT
1160,0.38,0.47,0.47,0.18,0.5,0,0.44,0.26,MIT
1161,0.63,0.57,0.5,0.48,0.5,0,0.51,0.22,MIT
1162,0.6,0.61,0.54,0.11,0.5,0,0.46,0.22,CYT
1163,0.81,0.62,0.43,0.17,0.5,0,0.53,0.22,ME2
1164,0.49,0.39,0.52,0.29,0.5,0,0.48,0.22,EXC
1165,0.42,0.35,0.54,0.18,0.5,0,0.56,0.22,CYT
1166,0.4,0.44,0.49,0.47,0.5,0,0.49,0.27,NUC
1167,0.41,0.4,0.59,0.47,0.5,0,0.48,0.43,CYT
1168,0.39,0.44,0.28,0.12,0.5,0,0.46,0.27,ME3
1169,0.69,0.6,0.51,0.13,0.5,0.83,0.52,0.22,POX
1170,0.48,0.35,0.42,0.21,0.5,0,0.57,0.22,CYT
1171,0.56,0.44,0.56,0.19,0.5,0,0.54,0.22,CYT
1172,0.49,0.37,0.59,0.17,0.5,0,0.51,0.22,NUC
1173,0.83,0.53,0.52,0.2,0.5,0,0.48,0.25,ME2
1174,0.53,0.42,0.58,0.29,0.5,0,0.5,0.22,MIT
1175,0.57,0.58,0.58,0.35,0.5,0,0.49,0.22,MIT
1176,0.37,0.51,0.57,0.4,0.5,0,0.48,0.27,MIT
1177,0.38,0.62,0.52,0.14,0.5,0,0.53,0.22,CYT
1178,0.5,0.42,0.57,0.49,0.5,0,0.48,0.27,NUC
1179,0.48,0.48,0.56,0.18,0.5,0,0.58,0.22,CYT
1180,0.35,0.42,0.56,0.28,0.5,0,0.47,0.22,NUC
1181,0.53,0.51,0.54,0.21,0.5,0,0.45,0.22,NUC
1182,0.49,0.38,0.49,0.15,0.5,0,0.53,0.25,NUC
1183,0.66,0.54,0.53,0.17,0.5,0,0.54,0.22,CYT
1184,0.43,0.48,0.36,0.26,0.5,0,0.52,0.22,ME3
1185,0.46,0.61,0.55,0.29,0.5,0,0.49,0.22,MIT
1186,0.83,0.94,0.32,0.21,0.5,0,0.51,0.22,ME1
1187,0.64,0.62,0.49,0.15,0.5,0,0.53,0.22,MIT
1188,0.58,0.44,0.57,0.13,0.5,0,0.54,0.22,NUC
1189,0.55,0.5,0.66,0.36,0.5,0,0.49,0.22,MIT
1190,0.41,0.53,0.45,0.14,0.5,0,0.52,0.66,ME3
1191,0.45,0.46,0.55,0.43,0.5,0,0.55,0.38,NUC
1192,0.34,0.46,0.57,0.09,0.5,0,0.55,0.22,CYT
1193,0.46,0.49,0.58,0.23,0.5,0,0.44,0.22,MIT
1194,0.28,0.58,0.21,0.13,0.5,0,0.51,0.22,ME3
1195,0.8,0.63,0.45,0.29,0.5,0,0.51,0.22,EXC
1196,0.78,0.75,0.4,0.28,0.5,0,0.53,0.22,MIT
1197,0.64,0.57,0.57,0.27,0.5,0,0.37,0.22,CYT
1198,0.3,0.32,0.57,0.19,0.5,0,0.48,0.55,NUC
1199,0.45,0.51,0.5,0.16,0.5,0,0.52,1,NUC
1200,0.64,0.62,0.29,0.28,0.5,0,0.51,0.22,MIT
1201,0.55,0.53,0.55,0.46,0.5,0,0.52,0.22,MIT
1202,0.4,0.62,0.52,0.31,0.5,0,0.49,0.31,CYT
1203,0.35,0.58,0.54,0.16,0.5,0,0.51,0.22,NUC
1204,0.34,0.54,0.5,0.21,0.5,0,0.54,0.31,CYT
1205,0.48,0.54,0.5,0.17,0.5,0,0.53,0.22,NUC
1206,0.64,0.6,0.57,0.19,0.5,0,0.43,0.22,NUC
1207,0.39,0.55,0.48,0.31,0.5,0,0.54,0.29,CYT
1208,0.44,0.39,0.53,0.14,0.5,0,0.54,0.44,CYT
1209,0.45,0.43,0.51,0.24,0.5,0,0.54,0.33,CYT
1210,0.71,0.59,0.48,0.43,0.5,0,0.59,0.22,MIT
1211,0.44,0.38,0.48,0.32,0.5,0.83,0.53,0.22,POX
1212,0.39,0.4,0.53,0.67,0.5,0,0.47,0.22,CYT
1213,0.43,0.57,0.53,0.53,0.5,0,0.53,0.25,CYT
1214,0.59,0.5,0.52,0.28,0.5,0,0.55,0.25,CYT
1215,0.37,0.42,0.51,0.11,0.5,0,0.57,0.22,CYT
1216,0.75,0.7,0.38,0.27,0.5,0,0.49,0.22,ME1
1217,0.57,0.57,0.44,0.37,0.5,0,0.52,0.25,MIT
1218,0.5,0.41,0.44,0.5,0.5,0,0.42,0.22,MIT
1219,0.5,0.4,0.56,0.7,0.5,0,0.5,0.22,MIT
1220,0.67,0.68,0.46,0.29,0.5,0,0.46,0.22,MIT
1221,0.53,0.51,0.46,0.28,0.5,0,0.48,0.22,CYT
1222,0.47,0.54,0.37,0.14,0.5,0,0.5,0.22,ME3
1223,0.56,0.41,0.58,0.21,0.5,0,0.42,0.22,CYT
1224,0.34,0.36,0.54,0.11,0.5,0,0.36,0.21,NUC
1225,0.69,0.61,0.38,0.27,0.5,0,0.52,0.22,ME2
1226,0.37,0.53,0.6,0.19,0.5,0.5,0.42,0.22,POX
1227,0.82,0.78,0.49,0.23,0.5,0,0.46,0.22,EXC
1228,0.38,0.51,0.75,0.17,0.5,0,0.55,0.22,CYT
1229,0.53,0.44,0.51,0.33,0.5,0,0.52,0.22,MIT
1230,0.53,0.53,0.6,0.13,0.5,0,0.49,0.22,MIT
1231,0.38,0.48,0.59,0.22,0.5,0,0.46,0.22,CYT
1232,0.41,0.24,0.54,0.26,0.5,0,0.41,0.22,NUC
1233,0.47,0.65,0.54,0.62,0.5,0,0.53,0.36,MIT
1234,0.53,0.61,0.52,0.21,0.5,0,0.55,0.3,NUC
1235,0.46,0.35,0.53,0.16,0.5,0,0.51,0.29,CYT
1236,0.45,0.56,0.54,0.32,0.5,0,0.57,0.22,CYT
1237,0.71,0.56,0.39,0.27,0.5,0,0.52,0.22,ME2
1238,0.57,0.59,0.44,0.16,0.5,0,0.52,0.22,ME2
1239,0.36,0.46,0.43,0.19,0.5,0,0.48,0.22,ME3
1240,0.54,0.55,0.42,0.22,0.5,0,0.48,0.22,ME3
1241,0.81,0.82,0.41,0.36,0.5,0,0.39,0.22,EXC
1242,0.46,0.48,0.44,0.21,0.5,0,0.55,0.22,POX
1243,0.74,0.72,0.47,0.25,0.5,0,0.57,0.22,ME1
1244,0.84,0.66,0.36,0.78,0.5,0,0.49,0.5,ME1
1245,0.62,0.58,0.52,0.15,0.5,0,0.52,0.29,CYT
1246,0.56,0.59,0.53,0.16,0.5,0,0.24,0.42,NUC
1247,0.44,0.44,0.49,0.15,0.5,0,0.46,0.27,NUC
1248,0.35,0.68,0.57,0.4,0.5,0,0.53,0.36,NUC
1249,0.32,0.38,0.52,0.2,0.5,0,0.52,0.28,CYT
1250,0.45,0.56,0.49,0.17,0.5,0,0.52,0.22,CYT
1251,0.56,0.54,0.59,0.14,0.5,0,0.52,0.27,NUC
1252,0.43,0.51,0.54,0.15,0.5,0,0.45,0.26,NUC
1253,0.6,0.4,0.59,0.18,0.5,0,0.48,0.22,CYT
1254,0.38,0.47,0.53,0.12,0.5,0,0.48,0.22,CYT
1255,0.34,0.66,0.51,0.16,0.5,0,0.47,0.33,NUC
1256,0.6,0.48,0.44,0.52,0.5,0,0.54,0.63,NUC
1257,0.48,0.34,0.47,0.14,0.5,0,0.47,0.26,CYT
1258,0.48,0.46,0.38,0.29,0.5,0,0.53,0.22,ME3
1259,0.51,0.48,0.58,0.22,0.5,0,0.5,0.28,NUC
1260,0.29,0.68,0.47,0.26,0.5,0,0.47,0.37,NUC
1261,0.43,0.39,0.51,0.28,0.5,0,0.4,0.22,NUC
1262,0.61,0.54,0.49,0.16,0.5,0,0.54,0.42,CYT
1263,0.34,0.35,0.61,0.19,0.5,0,0.52,0.25,NUC
1264,0.37,0.62,0.34,0.25,0.5,0,0.51,0.22,ME3
1265,0.34,0.34,0.61,0.18,0.5,0,0.52,0.32,NUC
1266,0.34,0.4,0.3,0.23,0.5,0,0.51,0.22,ME3
1267,0.45,0.57,0.3,0.17,0.5,0,0.51,0.22,ME3
1268,0.5,0.53,0.45,0.44,0.5,0,0.49,0.22,MIT
1269,0.67,0.51,0.53,0.28,0.5,0,0.51,0.22,MIT
1270,0.59,0.57,0.46,0.14,0.5,0,0.52,0.22,MIT
1271,0.42,0.32,0.61,0.13,0.5,0,0.14,0.27,NUC
1272,0.4,0.51,0.42,0.13,0.5,0,0.45,0.25,ME3
1273,0.65,0.61,0.39,0.3,0.5,0,0.57,0.28,ME3
1274,0.85,0.56,0.33,0.38,1,0,0.55,0.25,ERL
1275,0.53,0.5,0.54,0.56,0.5,0,0.49,0.41,MIT
1276,0.36,0.35,0.47,0.22,0.5,0,0.44,0.31,ME3
1277,0.87,0.83,0.57,0.36,0.5,0,0.36,0.22,EXC
1278,0.43,0.45,0.54,0.14,0.5,0,0.5,0.31,CYT
1279,0.77,0.6,0.42,0.33,0.5,0,0.57,0.22,ME2
1280,0.58,0.76,0.4,0.37,0.5,0,0.54,0.3,ME2
1281,0.94,0.6,0.33,0.49,0.5,0,0.54,0.22,ME2
1282,0.43,0.38,0.51,0.24,0.5,0,0.46,0.33,NUC
1283,0.54,0.54,0.49,0.14,0.5,0,0.56,0.22,CYT
1284,0.53,0.44,0.47,0.22,0.5,0,0.53,0.22,NUC
1285,0.46,0.47,0.46,0.16,0.5,0,0.51,0.22,CYT
1286,0.62,0.64,0.56,0.2,0.5,0,0.48,0.33,NUC
1287,0.46,0.32,0.58,0.17,0.5,0,0.61,0.25,NUC
1288,0.49,0.62,0.65,0.18,0.5,0,0.46,0.43,NUC
1289,0.5,0.62,0.54,0.66,0.5,0,0.49,0.22,MIT
1290,0.26,0.38,0.52,0.36,0.5,0,0.48,0.56,NUC
1291,0.45,0.48,0.63,0.67,0.5,0,0.48,0.22,MIT
1292,0.5,0.49,0.59,0.47,0.5,0,0.49,0.36,MIT
1293,0.43,0.39,0.59,0.13,0.5,0,0.41,0.43,NUC
1294,0.6,0.59,0.45,0.23,0.5,0,0.55,0.22,MIT
1295,0.46,0.55,0.61,0.13,0.5,0,0.47,0.22,CYT
1296,0.89,0.52,0.41,0.26,0.5,0,0.52,0.31,ME2
1297,0.4,0.68,0.5,0.82,0.5,0,0.44,0.36,MIT
1298,0.51,0.42,0.56,0.38,0.5,0,0.46,0.22,MIT
1299,0.6,0.51,0.6,0.38,0.5,0.83,0.52,0.24,MIT
1300,0.56,0.5,0.61,0.49,0.5,0,0.46,0.28,MIT
1301,0.36,0.38,0.56,0.44,0.5,0,0.48,0.22,MIT
1302,0.55,0.5,0.6,0.31,0.5,0,0.46,0.27,MIT
1303,0.65,0.53,0.55,0.52,0.5,0,0.47,0.27,MIT
1304,0.58,0.53,0.5,0.53,0.5,0,0.47,0.31,MIT
1305,0.4,0.74,0.49,0.16,0.5,0,0.51,0.22,MIT
1306,0.51,0.56,0.51,0.42,0.5,0,0.53,0.36,MIT
1307,0.52,0.38,0.62,0.12,0.5,0,0.41,0.28,NUC
1308,0.63,0.6,0.5,0.27,0.5,0,0.55,0.22,MIT
1309,0.61,0.59,0.47,0.49,0.5,0,0.54,0.22,MIT
1310,0.58,0.38,0.4,0.21,0.5,0,0.5,0.22,CYT
1311,0.53,0.41,0.5,0.24,1,0,0.47,0.22,CYT
1312,0.58,0.56,0.52,0.25,0.5,0,0.57,0.35,NUC
1313,0.49,0.6,0.55,0.17,0.5,0,0.44,0.22,CYT
1314,0.56,0.63,0.52,0.2,0.5,0,0.34,0.26,NUC
1315,0.37,0.41,0.45,0.14,0.5,0,0.47,0.22,CYT
1316,0.35,0.5,0.44,0.27,0.5,0,0.51,0.22,CYT
1317,0.44,0.34,0.61,0.13,0.5,0,0.49,0.26,NUC
1318,0.64,0.76,0.51,0.18,0.5,0,0.46,0.22,NUC
1319,0.7,0.51,0.47,0.24,0.5,0,0.53,0.25,NUC
1320,0.25,0.36,0.58,0.3,0.5,0,0.58,0.31,NUC
1321,0.41,0.49,0.58,0.22,0.5,0,0.52,0.22,MIT
1322,0.56,0.48,0.5,0.3,0.5,0,0.51,0.22,CYT
1323,0.56,0.68,0.52,0.39,0.5,0,0.36,0.22,MIT
1324,0.5,0.57,0.62,0.25,0.5,0,0.51,0.22,MIT
1325,0.41,0.48,0.54,0.24,0.5,0,0.37,0.51,NUC
1326,0.74,0.72,0.5,0.28,0.5,0,0.49,0.27,EXC
1327,0.31,0.3,0.34,0.19,0.5,0,0.55,0.3,ME3
1328,0.77,0.78,0.51,0.28,0.5,0,0.33,0.22,EXC
1329,0.49,0.6,0.3,0.34,0.5,0,0.5,0.43,ME3
1330,0.37,0.51,0.39,0.18,0.5,0,0.51,0.27,ME3
1331,0.27,0.49,0.36,0.26,0.5,0,0.49,0.26,ME3
1332,0.25,0.39,0.5,0.23,0.5,0,0.5,0.28,NUC
1333,0.38,0.26,0.6,0.1,0.5,0,0.48,0.44,NUC
1334,0.33,0.21,0.53,0.15,1,0,0.52,0.5,NUC
1335,0.49,0.45,0.57,0.24,0.5,0,0.47,0.38,NUC
1336,0.4,0.28,0.48,0.06,0.5,0,0.49,0.42,NUC
1337,0.45,0.45,0.52,0.17,0.5,0,0.54,0.22,CYT
1338,0.28,0.51,0.55,0.19,0.5,0,0.57,0.22,CYT
1339,0.45,0.27,0.5,0.33,0.5,0,0.53,0.26,CYT
1340,0.36,0.33,0.38,0.15,0.5,0,0.55,0.36,ME3
1341,0.46,0.43,0.5,0.24,0.5,0,0.48,0.31,CYT
1342,0.68,0.53,0.44,0.31,0.5,0,0.51,0.22,MIT
1343,0.39,0.16,0.59,0.08,0.5,0,0.51,0.27,NUC
1344,0.47,0.43,0.48,0.16,0.5,0,0.46,0.27,NUC
1345,0.52,0.5,0.51,0.2,0.5,0,0.51,0.22,NUC
1346,0.36,0.48,0.5,0.13,0.5,0,0.49,0.6,NUC
1347,0.31,0.39,0.55,0.28,0.5,0,0.46,0.31,NUC
1348,0.51,0.61,0.5,0.23,0.5,0,0.52,0.61,NUC
1349,0.4,0.6,0.5,0.16,0.5,0,0.51,0.22,CYT
1350,0.53,0.46,0.54,0.37,0.5,0,0.51,0.3,NUC
1351,0.45,0.66,0.39,0.11,0.5,0,0.54,0.22,ME3
1352,0.55,0.45,0.58,0.25,0.5,0,0.49,0.22,NUC
1353,0.45,0.52,0.5,0.12,0.5,0,0.6,0.22,CYT
1354,0.56,0.49,0.54,0.15,0.5,0,0.5,0.35,NUC
1355,0.38,0.44,0.55,0.44,0.5,0,0.47,0.51,NUC
1356,0.27,0.31,0.55,0.13,0.5,0,0.5,0.22,NUC
1357,0.5,0.56,0.63,0.25,0.5,0,0.42,0.22,NUC
1358,0.59,0.51,0.48,0.12,0.5,0,0.54,0.31,CYT
1359,0.61,0.48,0.56,0.19,0.5,0,0.53,0.31,CYT
1360,0.37,0.44,0.64,0.48,0.5,0,0.36,0.27,CYT
1361,0.63,0.64,0.45,0.26,0.5,0,0.43,0.22,CYT
1362,0.35,0.21,1,0.8,0.5,0,0.13,0.01,CYT
1363,0.56,0.35,0.47,0.41,0.5,0,0.5,0.22,CYT
1364,0.52,0.43,0.61,0.22,0.5,0,0.45,0.22,CYT
1365,0.52,0.43,0.61,0.22,0.5,0,0.45,0.22,CYT
1366,0.32,0.44,0.54,0.21,0.5,0,0.4,0.19,CYT
1367,0.48,0.41,0.52,0.33,0.5,0,0.51,0.26,CYT
1368,0.46,0.54,0.59,0.41,0.5,0,0.53,0.21,CYT
1369,0.38,0.5,0.52,0.44,0.5,0,0.54,0.11,CYT
1370,0.37,0.3,0.62,0.43,0.5,0,0.44,0.39,CYT
1371,0.77,0.86,0.44,0.27,0.5,0,0.48,0.22,ME1
1372,0.5,0.48,0.48,0.23,0.5,0,0.53,0.68,CYT
1373,0.52,0.54,0.47,0.49,0.5,0,0.54,0.22,MIT
1374,0.49,0.38,0.56,0.09,0.5,0,0.46,0.22,CYT
1375,0.41,0.49,0.47,0.09,0.5,0,0.49,0.22,CYT
1376,0.41,0.4,0.56,0.17,0.5,0,0.56,0.22,CYT
1377,0.39,0.71,0.38,0.14,0.5,0,0.5,0.22,ME2
1378,0.39,0.3,0.63,0.2,0.5,0,0.43,0.47,CYT
1379,0.77,0.82,0.4,0.36,0.5,0,0.38,0.22,ME1
1380,0.42,0.28,0.33,0.23,0.5,0,0.39,0.26,ME3
1381,0.47,0.37,0.46,0.28,0.5,0,0.52,0.99,NUC
1382,0.48,0.5,0.47,0.29,0.5,0,0.46,0.27,NUC
1383,0.49,0.49,0.52,0.18,0.5,0,0.51,0.25,NUC
1384,0.56,0.59,0.45,0.15,0.5,0,0.54,0.22,MIT
1385,0.7,0.57,0.34,0.19,0.5,0,0.53,0.27,ME2
1386,0.47,0.44,0.53,0.18,0.5,0,0.47,0.29,NUC
1387,0.42,0.28,0.49,0.22,0.5,0,0.55,0.34,NUC
1388,0.47,0.5,0.47,0.22,0.5,0,0.53,0.45,NUC
1389,0.33,0.47,0.55,0.24,0.5,0,0.45,0.67,NUC
1390,0.55,0.4,0.62,0.22,0.5,0,0.37,0.28,NUC
1391,0.54,0.47,0.58,0.4,0.5,0,0.46,0.27,MIT
1392,0.46,0.5,0.5,0.28,0.5,0,0.5,0.37,NUC
1393,0.38,0.58,0.46,0.21,0.5,0,0.52,0.22,NUC
1394,0.55,0.47,0.53,0.2,0.5,0,0.4,0.22,NUC
1395,0.47,0.32,0.51,0.24,0.5,0,0.54,0.27,NUC
1396,0.61,0.5,0.61,0.21,0.5,0,0.55,0.54,CYT
1397,0.52,0.56,0.55,0.16,0.5,0,0.53,0.39,CYT
1398,0.41,0.42,0.23,0.16,0.5,0,0.4,0.22,ME3
1399,0.4,0.65,0.38,0.17,0.5,0,0.57,0.22,ME3
1400,0.36,0.37,0.63,0.25,0.5,0,0.3,0.22,CYT
1401,0.49,0.55,0.41,0.19,0.5,0,0.48,0.31,ME3
1402,0.88,0.72,0.32,0.3,0.5,0,0.52,0.33,ME1
1403,0.28,0.18,0.72,0.26,0.5,0,0.49,0.25,MIT
1404,0.58,0.43,0.32,0.11,0.5,0,0.49,0.22,VAC
1405,0.75,0.76,0.58,0.22,0.5,0,0.49,0.22,EXC
1406,0.51,0.59,0.55,0.21,0.5,0,0.52,0.22,CYT
1407,0.5,0.49,0.46,0.22,0.5,0,0.53,0.25,CYT
1408,0.62,0.42,0.47,0.16,0.5,0,0.52,0.22,CYT
1409,0.5,0.45,0.52,0.18,0.5,0,0.52,0.22,CYT
1410,0.59,0.51,0.47,0.21,0.5,0,0.47,0.22,CYT
1411,0.49,0.48,0.52,0.24,0.5,0,0.5,0.22,CYT
1412,0.57,0.35,0.5,0.43,0.5,0,0.53,0.22,CYT
1413,0.49,0.51,0.52,0.13,0.5,0,0.51,0.33,NUC
1414,0.63,0.43,0.48,0.11,0.5,0,0.51,0.22,CYT
1415,0.63,0.43,0.48,0.11,0.5,0,0.51,0.22,CYT
1416,0.55,0.79,0.45,0.25,0.5,0,0.51,0.22,NUC
1417,0.31,0.31,0.57,0.15,0.5,0,0.5,0.22,CYT
1418,0.33,0.36,0.62,0.26,0.5,0,0.55,0.22,CYT
1419,0.47,0.56,0.58,0.19,0.5,0,0.44,0.64,CYT
1420,0.4,0.56,0.53,0.15,0.5,0,0.49,0.22,CYT
1421,0.44,0.49,0.49,0.27,0.5,0,0.52,0.22,CYT
1422,0.49,0.46,0.54,0.18,0.5,0,0.35,0.22,CYT
1423,0.59,0.48,0.41,0.53,0.5,0,0.48,0.56,ME3
1424,0.33,0.46,0.53,0.12,0.5,0,0.5,0.27,CYT
1425,0.5,0.5,0.48,0.34,0.5,0,0.52,0.27,NUC
1426,0.36,0.52,0.61,0.33,0.5,0,0.52,0.37,NUC
1427,0.52,0.51,0.48,0.12,0.5,0,0.54,0.31,CYT
1428,0.47,0.46,0.49,0.27,0.5,0,0.59,0.22,CYT
1429,0.55,0.44,0.5,0.09,0.5,0,0.55,0.22,VAC
1430,0.66,0.37,0.6,0.25,0.5,0,0.69,0.22,MIT
1431,0.51,0.49,0.48,0.55,0.5,0,0.52,0.58,CYT
1432,0.68,0.68,0.35,0.16,0.5,0,0.62,0.22,VAC
1433,0.57,0.54,0.32,0.15,0.5,0,0.52,0.25,VAC
1434,0.46,0.52,0.51,0.13,0.5,0,0.47,0.22,CYT
1435,0.53,0.52,0.49,0.27,0.5,0,0.51,0.22,CYT
1436,0.54,0.44,0.38,0.22,0.5,0,0.54,0.3,ME3
1437,0.8,0.82,0.4,0.31,0.5,0,0.57,0.25,ME1
1438,0.4,0.4,0.43,0.19,0.5,0.83,0.48,0.22,POX
1439,0.77,0.7,0.37,0.12,0.5,0,0.49,0.26,ME1
1440,0.47,0.61,0.32,0.27,0.5,0,0.5,0.3,ME3
1441,0.55,0.35,0.36,0.29,0.5,0,0.51,0.22,ME3
1442,0.32,0.45,0.39,0.14,0.5,0,0.45,0.22,ME3
1443,0.63,0.65,0.42,0.18,0.5,0,0.54,0.27,ME3
1444,0.47,0.4,0.63,0.19,0.5,0,0.52,0.32,NUC
1445,0.38,0.44,0.57,0.14,0.5,0,0.53,0.52,NUC
1446,0.63,0.71,0.44,0.53,0.5,0,0.52,0.22,ME2
1447,0.51,0.59,0.46,0.13,0.5,0,0.48,0.22,MIT
1448,0.34,0.24,0.51,0.15,0.5,0,0.54,0.4,NUC
1449,0.38,0.4,0.39,0.19,0.5,0,0.46,0.62,NUC
1450,0.59,0.67,0.54,0.19,0.5,0,0.48,0.6,NUC
1451,0.38,0.4,0.66,0.35,0.5,0,0.43,0.11,CYT
1452,0.65,0.54,0.54,0.13,0.5,0,0.53,0.22,CYT
1453,0.48,0.42,0.52,0.24,0.5,0,0.56,0.22,CYT
1454,0.58,0.51,0.49,0.27,0.5,0,0.57,0.29,CYT
1455,0.63,0.57,0.59,0.4,0.5,0,0.38,0.22,MIT
1456,0.48,0.23,0.57,0.27,0.5,0,0.48,0.47,NUC
1457,0.59,0.6,0.49,0.43,0.5,0,0.53,0.31,MIT
1458,0.37,0.46,0.4,0.27,0.5,0,0.45,0.22,NUC
1459,0.42,0.31,0.62,0.12,0.5,0,0.4,0.22,MIT
1460,0.8,0.46,0.5,0.15,0.5,0,0.53,0.22,CYT
1461,0.35,0.39,0.57,0.11,0.5,0,0.48,0.22,NUC
1462,0.29,0.43,0.4,0.15,0.5,0,0.53,0.22,ME3
1463,0.4,0.34,0.52,0.17,0.5,0,0.47,0.51,NUC
1464,0.37,0.34,0.58,0.24,0.5,0,0.44,0.18,NUC
1465,0.37,0.22,0.64,0.35,0.5,0,0.47,0.22,NUC
1466,0.66,0.62,0.52,0.17,0.5,0,0.49,0.22,CYT
1467,0.3,0.5,0.34,0.26,0.5,0,0.51,0.22,ME3
1468,0.75,0.66,0.64,0.39,0.5,0,0.46,0.32,MIT
1469,0.31,0.42,0.48,0.17,0.5,0,0.49,0.53,NUC
1470,0.28,0.46,0.26,0.18,0.5,0,0.39,0.22,VAC
1471,0.45,0.53,0.47,0.43,0.5,0,0.5,0.27,MIT
1472,0.69,0.7,0.5,0.3,0.5,0,0.54,0.22,VAC
1473,0.61,0.46,0.54,0.11,0.5,0,0.47,0.22,CYT
1474,0.38,0.38,0.54,0.24,0.5,0,0.54,0.22,NUC
1475,0.41,0.49,0.65,0.28,0.5,0,0.59,0.57,CYT
1476,0.54,0.44,0.35,0.19,0.5,0,0.51,0.27,ME3
1477,0.64,0.31,0.53,0.15,0.5,0,0.53,0.31,CYT
1478,0.36,0.5,0.39,0.23,0.5,0,0.5,0.22,ME3
1479,0.54,0.43,0.48,0.27,0.5,0,0.44,0.41,CYT
1480,0.56,0.46,0.51,0.25,0.5,0,0.54,0.22,CYT
1481,0.4,0.43,0.49,0.17,0.5,0,0.51,0.36,NUC
1482,0.35,0.29,0.46,0.14,0.5,0,0.54,0.66,NUC
1483,0.67,0.57,0.36,0.19,0.5,0,0.56,0.22,ME2
