idx,f1,f2,f3,f4,f5,f6,f7,f8
0,0.42,0.44,0.48,0.54,0.5,0,0.48,0.22
1,0.5,0.54,0.48,0.65,0.5,0,0.53,0.22
2,0.4,0.42,0.57,0.35,0.5,0,0.53,0.25
3,0.51,0.51,0.52,0.51,0.5,0,0.54,0.22
4,0.53,0.54,0.43,0.1,0.5,0,0.57,0.32
5,0.51,0.51,0.43,0.87,0.5,0,0.52,0.22
6,0.74,0.67,0.47,0.34,0.5,0,0.42,0.22
7,0.4,0.45,0.57,0.18,0.5,0,0.56,0.26
8,0.37,0.36,0.56,0.18,0.5,0,0.48,0.26
9,0.74,0.75,0.58,0.47,0.5,0,0.4,0.35
10,0.53,0.44,0.51,0.33,0.5,0,0.55,0.22
11,0.54,0.48,0.44,0.08,0.5,0,0.52,0.27
12,0.6,0.47,0.45,0.22,0.5,0,0.51,0.29
13,0.81,0.85,0.47,0.37,0.5,0,0.56,0.22
14,0.5,0.58,0.46,0.46,0.5,0,0.46,0.22
15,0.51,0.54,0.6,0.57,0.5,0,0.58,0.22
16,0.67,0.62,0.4,0.43,0.5,0.83,0.5,0.22
17,0.42,0.47,0.52,0.41,0.5,0,0.53,0.32
18,0.36,0.58,0.35,0.24,0.5,0,0.44,0.22
19,0.36,0.43,0.39,0.12,0.5,0,0.49,0.22
20,0.65,0.65,0.52,0.16,0.5,0,0.6,0.22
21,0.47,0.47,0.57,0.48,0.5,0,0.48,0.22
22,0.35,0.52,0.48,0.22,0.5,0,0.26,0.22
23,0.54,0.55,0.34,0.31,0.5,0,0.54,0.22
24,0.4,0.38,0.53,0.16,0.5,0,0.52,0.27
25,0.5,0.64,0.57,0.15,0.5,0,0.47,0.22
26,0.39,0.58,0.5,0.26,0.5,0,0.54,0.59
27,0.39,0.47,0.56,0.16,0.5,0,0.47,0.22
28,0.58,0.48,0.51,0.47,0.5,0,0.55,0.22
29,0.43,0.57,0.53,0.16,0.5,0,0.54,0.22
30,0.26,0.36,0.47,0.34,0.5,0,0.53,0.72
31,0.36,0.68,0.46,0.16,0.5,0,0.53,0.28
32,0.42,0.31,0.5,0.15,0.5,0,0.53,0.22
33,0.67,0.71,0.52,0.65,0.5,0,0.53,0.36
34,0.26,0.5,0.33,0.28,0.5,0,0.51,0.22
35,0.31,0.44,0.53,0.23,0.5,0,0.51,0.32
36,0.38,0.68,0.44,0.45,0.5,0,0.53,0.22
37,0.48,0.64,0.61,0.23,0.5,0,0.6,0.22
38,0.32,0.42,0.52,0.24,0.5,0,0.6,0.22
39,0.42,0.58,0.41,0.65,0.5,0,0.46,0.26
40,0.59,0.61,0.34,0.22,0.5,0,0.51,0.22
41,0.52,0.77,0.38,0.34,0.5,0,0.51,0.22
42,0.5,0.52,0.6,0.51,0.5,0,0.48,0.22
43,0.77,0.79,0.58,0.23,0.5,0,0.48,0.22
44,0.82,0.75,0.54,0.23,0.5,0,0.46,0.22
45,0.4,0.56,0.48,0.14,0.5,0,0.47,0.22
46,0.42,0.57,0.72,0.22,0.5,0,0.57,0.22
47,0.44,0.53,0.52,0.23,0.5,0.83,0.51,0.22
48,0.59,0.58,0.56,0.21,0.5,0,0.54,0.33
49,0.27,0.36,0.6,0.33,0.5,0,0.37,0.31
50,0.35,0.4,0.59,0.22,0.5,0,0.47,0.37
51,0.83,0.58,0.33,0.04,0.5,0,0.53,0.22
52,0.52,0.54,0.5,0.21,0.5,0,0.48,0.3
53,0.55,0.46,0.53,0.11,0.5,0,0.52,0.48
54,0.92,0.61,0.4,0.22,0.5,0,0.54,0.22
55,0.55,0.56,0.45,0.14,0.5,0,0.54,0.22
56,0.63,0.61,0.41,0.22,0.5,0,0.51,0.22
57,0.34,0.38,0.45,0.19,0.5,0,0.51,0.22
58,0.77,0.8,0.51,0.4,1,0,0.54,0.22
59,0.57,0.61,0.45,0.26,0.5,0,0.5,0.22
60,0.25,0.4,0.51,0.18,0.5,0,0.5,0.27
61,0.54,0.57,0.52,0.19,0.5,0,0.59,0.67
62,0.42,0.52,0.4,0.17,0.5,0,0.5,0.26
63,0.91,0.77,0.34,0.47,0.5,0,0.52,0.31
64,0.41,0.39,0.51,0.52,0.5,0,0.49,0.22
65,0.69,0.6,0.5,0.31,0.5,0,0.55,0.22
66,0.55,0.66,0.57,0.32,0.5,0,0.57,0.34
67,0.23,0.3,0.58,0.22,0.5,0,0.48,0.27
68,0.31,0.31,0.54,0.18,0.5,0,0.52,0.29
69,0.91,0.69,0.57,0.45,0.5,0,0.56,0.22
70,0.59,0.43,0.52,0.19,0.5,0,0.55,0.27
71,0.49,0.31,0.34,0.13,0.5,0,0.52,0.22
72,0.58,0.48,0.56,0.1,0.5,0,0.46,0.25
73,0.58,0.48,0.56,0.12,0.5,0,0.46,0.25
74,0.58,0.45,0.48,0.24,0.5,0,0.52,0.37
75,0.41,0.6,0.53,0.29,0.5,0,0.47,0.43
76,0.69,0.5,0.49,0.42,0.5,0,0.49,0.22
77,0.21,0.38,0.49,0.16,0.5,0,0.51,0.45
78,0.46,0.57,0.57,0.15,0.5,0,0.52,0.26
79,0.57,0.59,0.5,0.58,0.5,0,0.53,0.22
80,0.44,0.42,0.62,0.14,0.5,0,0.55,0.37
81,0.39,0.39,0.55,0.52,0.5,0,0.37,0.16
82,0.51,0.48,0.58,0.22,0.5,0,0.5,0.28
83,0.53,0.53,0.53,0.17,0.5,0,0.49,0.37
84,0.32,0.34,0.61,0.17,0.5,0,0.52,0.32
85,0.41,0.43,0.5,0.28,0.5,0,0.5,0.22
86,0.49,0.4,0.34,0.26,0.5,0,0.5,0.22
87,0.52,0.5,0.53,0.1,0.5,0,0.48,0.22
88,0.53,0.56,0.49,0.46,0.5,0,0.52,0.22
89,0.51,0.52,0.48,0.5,0.5,0,0.51,0.22
90,0.45,0.59,0.53,0.74,0.5,0,0.47,0.25
91,0.47,0.63,0.66,0.45,0.5,0,0.37,0.11
92,0.56,0.45,0.59,0.14,0.5,0,0.51,0.26
93,0.5,0.46,0.42,0.32,0.5,0,0.56,0.55
94,0.81,0.76,0.32,0.37,0.5,0,0.51,0.22
95,0.42,0.25,0.6,0.14,0.5,0,0.45,0.22
96,0.67,0.63,0.34,0.41,0.5,0,0.6,0.33
97,0.57,0.49,0.48,0.16,0.5,0,0.51,0.22
98,0.43,0.32,0.56,0.27,0.5,0,0.47,0.27
99,0.84,0.87,0.45,0.54,0.5,0,0.28,0.22
100,0.89,0.82,0.6,0.49,0.5,0,0.55,0.22
101,0.37,0.55,0.29,0.32,0.5,0,0.51,0.22
102,0.52,0.48,0.54,0.28,0.5,0,0.54,0.22
103,0.52,0.62,0.54,0.19,0.5,0,0.5,0.22
104,0.46,0.4,0.38,0.18,0.5,0,0.49,0.22
105,0.5,0.45,0.48,0.17,0.5,0,0.5,0.26
106,0.39,0.37,0.33,0.23,0.5,0,0.52,0.26
107,0.41,0.41,0.51,0.19,0.5,0,0.57,0.22
108,0.5,0.49,0.52,0.2,0.5,0,0.43,0.52
109,0.32,0.47,0.55,0.25,0.5,0,0.49,0.22
110,0.49,0.48,0.46,0.63,0.5,0,0.52,0.22
111,0.34,0.54,0.54,0.13,0.5,0,0.52,0.22
112,0.43,0.83,0.55,0.2,0.5,0,0.47,0.4
113,0.36,0.4,0.53,0.48,0.5,0,0.48,0.22
114,0.57,0.4,0.62,0.3,0.5,0,0.48,0.11
115,0.42,0.53,0.53,0.64,0.5,0,0.47,0.22
116,0.41,0.52,0.53,0.41,0.5,0,0.39,0.33
117,0.58,0.52,0.61,0.33,0.5,0,0.38,0.11
118,0.64,0.64,0.56,0.21,0.5,0,0.5,0.22
119,0.53,0.52,0.61,0.35,0.5,0,0.5,0.22
120,0.55,0.59,0.47,0.64,0.5,0,0.54,0.33
121,0.54,0.64,0.5,0.13,0.5,0,0.49,0.22
122,0.76,0.76,0.35,0.27,0.5,0,0.44,0.22
123,0.49,0.44,0.45,0.55,0.5,0,0.48,0.22
124,0.63,0.47,0.56,0.12,0.5,0,0.5,0.22
125,0.51,0.65,0.53,0.19,0.5,0,0.49,0.22
126,0.42,0.28,0.57,0.18,0.5,0,0.42,0.22
127,0.45,0.41,0.58,0.48,0.5,0,0.53,0.64
128,0.9,0.54,0.59,0.2,0.5,0,0.48,0.22
129,0.88,0.59,0.54,0.39,0.5,0,0.41,0.3
130,0.69,0.62,0.49,0,1,0,0.47,0.22
131,0.43,0.38,0.38,0.12,0.5,0,0.5,0.22
132,0.39,0.42,0.49,0.1,0.5,0,0.49,0.65
133,0.39,0.28,0.54,0.14,0.5,0,0.59,0.22
134,0.49,0.27,0.57,0.18,0.5,0.83,0.54,0.22
135,0.64,0.52,0.5,0.26,0.5,0,0.51,0.31
136,0.6,0.54,0.54,0.53,0.5,0,0.52,0.27
137,0.49,0.45,0.53,0.16,0.5,0,0.49,0.31
138,0.52,0.46,0.51,0.18,0.5,0,0.5,0.22
139,0.55,0.59,0.52,0.1,0.5,0,0.53,0.22
140,0.33,0.38,0.45,0.19,0.5,0,0.54,0.37
141,0.41,0.48,0.38,0.13,0.5,0,0.51,0.35
142,0.51,0.46,0.49,0.21,0.5,0,0.55,0.22
143,0.4,0.36,0.55,0.15,0.5,0,0.53,0.22
144,0.59,0.58,0.47,0.61,0.5,0,0.44,0.3
145,0.62,0.43,0.49,0.29,0.5,0,0.5,0.27
146,0.48,0.42,0.48,0.19,0.5,0,0.58,0.22
147,0.47,0.61,0.5,0.23,0.5,0,0.49,0.22
148,0.27,0.56,0.3,0.14,0.5,0,0.52,0.39
149,0.38,0.48,0.51,0.13,0.5,0,0.5,0.32
150,0.49,0.71,0.54,0.13,0.5,0,0.58,0.22
151,0.63,0.55,0.53,0.51,0.5,0,0.55,0.22
152,0.56,0.48,0.5,0.17,0.5,0,0.51,0.26
153,0.62,0.41,0.52,0.17,0.5,0,0.48,0.22
154,0.35,0.47,0.53,0.19,0.5,0,0.48,0.22
155,0.6,0.59,0.47,0.47,0.5,0,0.53,0.22
156,0.33,0.28,0.5,0.4,0.5,0,0.46,0.61
157,0.45,0.54,0.49,0.29,0.5,0,0.49,0.25
158,0.41,0.52,0.56,0.26,0.5,0,0.48,0.32
159,0.59,0.47,0.51,0.53,0.5,0,0.53,0.26
160,0.57,0.55,0.52,0.16,0.5,0,0.49,0.39
161,0.64,0.44,0.51,0.35,0.5,0,0.53,0.22
162,0.45,0.43,0.5,0.25,0.5,0,0.47,0.22
163,0.5,0.36,0.64,0.37,0.5,0,0.37,0.33
164,0.43,0.44,0.64,0.19,0.5,0,0.38,0.33
165,0.61,0.38,0.57,0.36,0.5,0,0.44,0.21
166,0.35,0.41,0.53,0.27,0.5,0,0.47,0.29
167,0.4,0.3,0.57,0.13,0.5,0,0.46,0.22
168,0.44,0.5,0.55,0.24,0.5,0,0.48,0.22
169,0.37,0.45,0.53,0.14,0.5,0,0.49,0.22
170,0.37,0.3,0.51,0.15,0.5,0,0.58,0.26
171,0.57,0.43,0.52,0.3,0.5,0,0.37,0.11
172,0.44,0.56,0.52,0.18,0.5,0,0.5,0.11
173,0.36,0.56,0.52,0.18,0.5,0,0.45,0.16
174,0.72,0.37,0.63,0.38,0.5,0,0.4,0.14
175,0.44,0.36,0.64,0.45,0.5,0,0.53,0.11
176,0.34,0.34,0.65,0.4,0.5,0,0.32,0.16
177,0.54,0.44,0.55,0.48,0.5,0,0.47,0.22
178,0.69,0.54,0.55,0.23,0.5,0,0.73,0.22
179,0.46,0.39,0.54,0.22,0.5,0,0.48,0.25
180,0.46,0.39,0.54,0.22,0.5,0,0.48,0.25
181,0.42,0.5,0.64,0.13,0.5,0,0.49,0.22
182,0.38,0.5,0.52,0.44,0.5,0,0.54,0.11
183,0.51,0.52,0.58,0.17,0.5,0,0.47,0.28
184,0.6,0.57,0.52,0.14,0.5,0,0.46,0.48
185,0.56,0.65,0.49,0.56,0.5,0,0.49,0.22
186,0.54,0.64,0.4,0.56,0.5,0,0.51,0.22
187,0.6,0.51,0.49,0.18,0.5,0,0.53,0.38
188,0.34,0.46,0.52,0.19,0.5,0,0.53,0.26
189,0.44,0.71,0.5,0.21,0.5,0,0.54,0.27
190,0.56,0.49,0.32,0.22,0.5,0,0.5,0.22
191,0.44,0.51,0.53,0.3,0.5,0,0.53,0.22
192,0.52,0.55,0.39,0.09,1,0,0.55,0.25
193,0.85,0.69,0.34,0.31,0.5,0,0.57,0.3
194,0.47,0.56,0.53,0.44,0.5,0,0.53,0.22
195,0.45,0.41,0.53,0.49,0.5,0,0.49,0.31
196,0.56,0.55,0.57,0.15,0.5,0,0.54,0.25
197,0.37,0.47,0.49,0.12,0.5,0,0.47,0.31
198,0.32,0.6,0.48,0.13,0.5,0,0.53,0.22
199,0.48,0.55,0.58,0.18,0.5,0,0.38,0.69
200,0.54,0.5,0.51,0.26,0.5,0,0.52,0.22
201,0.6,0.64,0.56,0.36,0.5,0,0.46,0.27
202,0.27,0.41,0.24,0.2,0.5,0,0.49,0.22
203,0.25,0.35,0.22,0.18,0.5,0,0.46,0.22
204,0.39,0.45,0.51,0.29,0.5,0,0.54,0.22
205,0.66,0.43,0.57,0.6,0.5,0,0.19,0.33
206,0.51,0.5,0.54,0.11,0.5,0,0.6,0.22
207,0.5,0.45,0.51,0.19,0.5,0,0.53,0.25
208,0.44,0.43,0.46,0.28,0.5,0,0.45,0.29
209,0.32,0.68,0.51,0.16,0.5,0.83,0.55,0.22
210,0.73,0.52,0.59,0.25,0.5,0,0.51,0.22
211,0.49,0.6,0.54,0.35,0.5,0,0.53,0.46
212,0.49,0.6,0.42,0.18,0.5,0,0.58,0.28
213,0.53,0.48,0.51,0.18,0.5,0,0.51,0.27
214,0.49,0.31,0.43,0.24,0.5,0,0.54,0.22
215,0.46,0.41,0.43,0.18,0.5,0,0.54,0.22
216,0.32,0.36,0.28,0.38,0.5,0,0.5,0.4
217,0.45,0.57,0.52,0.21,0.5,0,0.54,0.38
218,0.39,0.39,0.65,0.16,0.5,0,0.45,0.22
219,0.41,0.35,0.6,0.22,0.5,0,0.56,0.79
220,0.41,0.39,0.61,0.17,0.5,0,0.5,0.61
221,0.54,0.67,0.56,0.15,0.5,0,0.57,0.33
222,0.41,0.59,0.65,0.14,0.5,0,0.49,0.33
223,0.47,0.38,0.5,0.15,0.5,0,0.49,0.47
224,0.42,0.5,0.59,0.17,0.5,0,0.51,0.22
225,0.55,0.69,0.51,0.12,0.5,0,0.51,0.22
226,0.47,0.46,0.53,0.12,0.5,0,0.51,0.25
227,0.57,0.29,0.63,0.22,0.5,0,0.49,0.27
228,0.41,0.42,0.53,0.17,0.5,0,0.48,0.58
229,0.42,0.45,0.75,0.21,0.5,0,0.48,0.22
230,0.63,0.54,0.53,0.27,0.5,0,0.49,0.22
231,0.4,0.44,0.5,0.13,0.5,0,0.52,0.39
232,0.55,0.39,0.39,0.47,0.5,0,0.5,0.83
233,0.57,0.36,0.51,0.25,0.5,0,0.54,0.25
234,0.45,0.76,0.51,0.25,0.5,0,0.59,0.22
235,0.59,0.64,0.44,0.26,0.5,0,0.5,0.22
236,0.53,0.42,0.53,0.19,0.5,0,0.47,0.22
237,0.59,0.46,0.55,0.17,0.5,0,0.52,0.25
238,0.46,0.47,0.62,0.3,0.5,0,0.38,0.22
239,0.59,0.7,0.46,0.19,0.5,0,0.54,0.44
240,0.53,0.44,0.54,0.52,0.5,0,0.49,0.38
241,0.4,0.28,0.58,0.44,0.5,0,0.41,0.22
242,0.44,0.35,0.55,0.14,0.5,0,0.52,0.22
243,0.48,0.49,0.49,0.26,0.5,0,0.39,0.27
244,0.65,0.63,0.47,0.22,0.5,0,0.52,0.27
245,0.49,0.53,0.36,0.15,0.5,0,0.52,0.27
246,0.71,0.79,0.41,0.38,0.5,0,0.54,0.22
247,0.26,0.3,0.37,0.15,0.5,0,0.53,0.25
248,0.4,0.44,0.47,0.25,0.5,0,0.54,0.56
249,0.29,0.39,0.46,0.36,0.5,0,0.51,0.22
250,0.43,0.6,0.4,0.12,0.5,0,0.49,0.29
251,0.65,0.62,0.26,0.33,0.5,0,0.55,0.22
252,0.3,0.68,0.41,0.17,0.5,0,0.51,0.22
253,0.69,0.57,0.39,0.19,0.5,0,0.48,0.39
254,0.51,0.38,0.42,0.21,0.5,0,0.46,0.34
255,0.54,0.54,0.56,0.18,0.5,0,0.46,0.29
256,0.71,0.64,0.42,0.28,0.5,0,0.43,0.22
257,0.58,0.44,0.45,0.32,0.5,0,0.52,0.37
258,0.48,0.58,0.47,0.17,0.5,0,0.53,0.74
259,0.38,0.37,0.36,0.14,0.5,0,0.54,0.22
260,0.4,0.4,0.44,0.37,0.5,0,0.53,0.25
261,0.8,0.79,0.43,0.25,0.5,0,0.52,0.22
262,0.49,0.56,0.37,0.2,0.5,0,0.53,0.22
263,0.49,0.55,0.35,0.23,0.5,0,0.57,0.22
264,0.47,0.5,0.6,0.63,0.5,0,0.38,0.16
265,0.58,0.67,0.49,0.16,0.5,0,0.47,0.28
266,0.85,0.85,0.3,0.31,0.5,0,0.55,0.42
267,0.41,0.25,0.59,0.44,0.5,0,0.6,0.69
268,0.57,0.59,0.49,0.86,0.5,0,0.47,0.22
269,0.5,0.61,0.44,0.2,0.5,0,0.49,0.22
270,0.41,0.45,0.46,0.23,0.5,0,0.5,0.7
271,0.32,0.29,0.29,0.08,0.5,0,0.52,0.22
272,0.38,0.48,0.57,0.3,0.5,0,0.41,0.11
273,0.71,0.5,0.5,0.18,0.5,0,0.46,0.22
274,0.38,0.32,0.64,0.41,0.5,0,0.44,0.11
275,0.47,0.43,0.61,0.4,0.5,0,0.48,0.47
276,0.59,0.45,0.53,0.19,0.5,0,0.59,0.27
277,0.8,0.88,0.36,0.39,0.5,0,0.56,0.33
278,0.56,0.48,0.58,0.27,0.5,0,0.51,0.22
279,0.41,0.39,0.44,0.34,0.5,0,0.48,0.4
280,0.39,0.45,0.53,0.18,0.5,0,0.54,0.22
281,0.41,0.52,0.41,0.11,0.5,0,0.54,0.35
282,0.43,0.42,0.54,0.22,0.5,0,0.57,0.33
283,0.54,0.52,0.54,0.2,0.5,0,0.55,0.25
284,0.36,0.44,0.51,0.17,0.5,0,0.6,0.19
285,0.33,0.48,0.55,0.16,0.5,0,0.53,0.75
286,0.55,0.51,0.54,0.2,0.5,0,0.56,0.22
287,0.42,0.65,0.58,0.34,0.5,0,0.5,0.22
288,0.42,0.28,0.51,0.23,0.5,0,0.53,0.27
289,0.47,0.47,0.54,0.19,0.5,0,0.51,0.33
290,0.6,0.48,0.46,0.32,0.5,0,0.4,0.33
291,0.47,0.53,0.48,0.51,0.5,0,0.54,0.22
292,0.61,0.53,0.59,0.17,0.5,0,0.44,0.28
293,0.66,0.6,0.52,0.19,0.5,0,0.69,0.22
294,0.57,0.48,0.54,0.22,0.5,0,0.5,0.11
295,0.85,0.66,0.49,0.18,0.5,0,0.51,0.22
296,0.3,0.33,0.55,0.12,0.5,0,0.53,0.38
297,0.43,0.67,0.48,0.27,0.5,0,0.53,0.22
298,0.51,0.4,0.56,0.17,0.5,0.5,0.49,0.22
299,0.4,0.39,0.6,0.15,0.5,0,0.58,0.3
300,0.42,0.37,0.59,0.2,0.5,0,0.52,0.29
301,0.46,0.44,0.52,0.11,0.5,0,0.5,0.22
302,0.47,0.39,0.5,0.11,0.5,0,0.49,0.4
303,0.58,0.47,0.54,0.11,0.5,0,0.51,0.26
304,0.45,0.4,0.5,0.16,0.5,0,0.5,0.22
305,0.59,0.53,0.43,0.44,0.5,0,0.5,0.22
306,0.57,0.53,0.53,0.34,0.5,0,0.53,0.22
307,0.64,0.59,0.56,0.23,0.5,0,0.46,0.22
308,0.38,0.49,0.53,0.19,0.5,0,0.5,0.22
309,0.45,0.58,0.48,0.67,0.5,0,0.52,0.22
310,0.37,0.32,0.47,0.18,0.5,0,0.45,0.25
311,0.6,0.5,0.44,0.61,0.5,0,0.47,0.22
312,0.33,0.43,0.64,0.16,0.5,0,0.52,0.52
313,0.49,0.61,0.49,0.25,0.5,0,0.5,0.28
314,0.47,0.52,0.5,0.4,0.5,0,0.41,0.22
315,0.47,0.39,0.55,0.24,0.5,0,0.47,0.22
316,0.44,0.59,0.36,0.16,0.5,0,0.52,0.22
317,0.45,0.45,0.5,0.6,0.5,0,0.49,0.22
318,0.47,0.41,0.66,0.26,0.5,0,0.53,0.22
319,0.53,0.51,0.55,0.05,0.5,0,0.45,0.25
320,0.29,0.32,0.58,0.15,0.5,0,0.5,0.3
321,0.54,0.49,0.49,0.2,0.5,0,0.52,0.22
322,0.42,0.51,0.5,0.12,0.5,0,0.52,0.46
323,0.57,0.51,0.53,0.18,0.5,0,0.56,0.25
324,0.49,0.31,0.49,0.35,0.5,0,0.51,0.29
325,0.37,0.58,0.44,0.51,0.5,0,0.44,0.22
326,0.35,0.66,0.49,0.21,0.5,0,0.54,0.25
327,0.52,0.4,0.6,0.12,0.5,0,0.55,0.22
328,0.57,0.41,0.59,0.24,0.5,0,0.4,0.22
329,0.58,0.56,0.45,0.12,0.5,0,0.51,0.22
330,0.31,0.46,0.54,0.52,0.5,0,0.5,0.34
331,0.38,0.51,0.75,0.17,0.5,0,0.55,0.22
332,0.44,0.68,0.45,0.51,0.5,0,0.52,0.41
333,0.55,0.42,0.34,0.3,0.5,0,0.52,0.22
334,0.36,0.68,0.38,0.08,0.5,0,0.53,0.25
335,0.43,0.39,0.54,0.14,0.5,0,0.47,0.22
336,0.54,0.42,0.41,0.16,0.5,0,0.52,0.22
337,0.37,0.53,0.46,0.23,0.5,0,0.47,0.22
338,0.58,0.6,0.43,0.12,0.5,0,0.55,0.22
339,0.54,0.65,0.49,0.34,0.5,0,0.52,0.22
340,0.58,0.53,0.38,0.18,0.5,0,0.52,0.22
341,0.35,0.6,0.47,0.13,0.5,0,0.52,0.43
342,0.35,0.46,0.49,0.15,1,0,0.55,0.35
343,0.63,0.62,0.42,0.12,0.5,0,0.52,0.25
344,0.71,0.59,0.53,0.15,0.5,0,0.49,0.33
345,0.46,0.35,0.33,0.17,0.5,0,0.55,0.22
346,0.35,0.56,0.36,0.3,0.5,0,0.53,0.25
347,0.51,0.58,0.54,0.29,0.5,0,0.53,0.22
348,0.44,0.51,0.37,0.15,0.5,0,0.51,0.22
349,0.42,0.39,0.47,0.13,0.5,0,0.5,0.27
350,0.17,0.38,0.45,0.09,0.5,0,0.54,0.27
351,0.48,0.39,0.49,0.18,0.5,0,0.51,0.22
352,0.74,0.53,0.5,0.08,0.5,0,0.55,0.31
353,0.69,0.48,0.38,0.15,0.5,0,0.55,0.22
354,0.3,0.5,0.47,0.11,0.5,0,0.46,0.22
355,0.4,0.48,0.5,0.17,0.5,0,0.54,0.5
356,0.47,0.49,0.63,0.17,0.5,0,0.31,0.26
357,0.53,0.43,0.47,0.15,0.5,0,0.58,0.22
358,0.46,0.45,0.56,0.16,0.5,0,0.56,0.22
359,0.5,0.45,0.49,0.15,0.5,0,0.55,0.43
360,0.33,0.28,0.31,0.24,0.5,0,0.53,0.22
361,0.61,0.54,0.49,0.19,0.5,0,0.54,0.47
362,0.51,0.68,0.49,0.59,0.5,0,0.54,0.27
363,0.55,0.49,0.5,0.46,0.5,0,0.52,0.25
364,0.5,0.46,0.52,0.16,0.5,0,0.52,0.26
365,0.35,0.49,0.47,0.22,0.5,0,0.5,0.28
366,0.43,0.51,0.6,0.25,0.5,0,0.55,0.22
367,0.68,0.5,0.43,0.27,0.5,0,0.61,0.22
368,0.59,0.53,0.47,0.26,0.5,0,0.53,0.31
369,0.54,0.51,0.54,0.52,0.5,0,0.47,0.25
370,0.86,0.92,0.5,0.37,1,0,0.53,0.32
371,0.42,0.51,0.39,0.22,0.5,0,0.49,0.26
372,0.51,0.43,0.47,0.19,0.5,0,0.52,0.37
373,0.44,0.53,0.43,0.17,0.5,0,0.54,0.75
374,0.39,0.37,0.33,0.23,0.5,0,0.53,0.26
375,0.48,0.51,0.57,0.24,0.5,0,0.5,0.22
376,0.68,0.58,0.51,0.19,0.5,0.83,0.54,0.22
377,0.51,0.47,0.41,0.44,0.5,0,0.5,0.22
378,0.49,0.44,0.45,0.22,0.5,0,0.51,0.22
379,0.46,0.57,0.52,0.28,0.5,0,0.52,0.22
380,0.53,0.48,0.45,0.44,0.5,0,0.49,0.27
381,0.7,0.53,0.42,0.22,0.5,0,0.51,0.28
382,0.68,0.68,0.49,0.15,0.5,0,0.53,0.22
383,0.47,0.6,0.35,0.21,0.5,0,0.52,0.22
384,0.55,0.49,0.45,0.18,0.5,0,0.49,0.22
385,0.4,0.47,0.48,0.18,0.5,0,0.46,0.22
386,0.8,0.81,0.55,0.35,0.5,0,0.42,0.22
387,0.48,0.47,0.54,0.55,0.5,0,0.51,0.65
388,0.66,0.66,0.32,0.54,0.5,0,0.51,0.22
389,0.58,0.46,0.46,0.34,0.5,0,0.5,0.43
390,0.6,0.62,0.54,0.4,0.5,0,0.5,0.22
391,0.52,0.5,0.59,0.31,0.5,0,0.5,0.22
392,0.45,0.38,0.64,0.14,0.5,0,0.54,0.22
393,0.6,0.57,0.64,0.52,0.5,0,0.47,0.28
394,0.57,0.61,0.55,0.27,0.5,0,0.44,0.21
395,0.38,0.54,0.54,0.41,0.5,0,0.51,0.22
396,0.43,0.32,0.5,0.29,0.5,0,0.5,0.22
397,0.32,0.45,0.44,0.2,0.5,0,0.55,0.33
398,0.51,0.6,0.51,0.26,0.5,0,0.54,0.22
399,0.49,0.46,0.42,0.46,0.5,0,0.55,0.22
400,0.51,0.56,0.62,0.24,0.5,0,0.52,0.51
401,0.58,0.57,0.54,0.69,0.5,0,0.54,0.22
402,0.55,0.53,0.54,0.4,0.5,0,0.48,0.22
403,0.41,0.47,0.58,0.62,0.5,0,0.5,0.22
404,0.44,0.53,0.53,0.37,0.5,0,0.51,0.22
405,0.47,0.46,0.55,0.28,0.5,0,0.44,0.46
406,0.41,0.59,0.46,0.19,0.5,0,0.36,0.22
407,0.44,0.41,0.29,0.21,0.5,0,0.49,0.22
408,0.51,0.46,0.54,0.41,0.5,0,0.53,0.22
409,0.5,0.36,0.53,0.41,0.5,0,0.55,0.36
410,0.59,0.58,0.39,0.52,0.5,0,0.5,0.31
411,0.78,0.63,0.53,0.13,0.5,0,0.54,0.22
412,0.48,0.62,0.52,0.3,0.5,0,0.51,0.37
413,0.39,0.34,0.68,0.3,0.5,0,0.5,0.29
414,0.4,0.53,0.44,0.18,0.5,0,0.54,0.31
415,0.36,0.3,0.5,0.19,0.5,0,0.55,0.3
416,0.45,0.21,0.49,0.24,0.5,0,0.46,0.31
417,0.87,0.47,0.6,0.47,0.5,0,0.59,0.22
418,0.51,0.34,0.49,0.16,0.5,0,0.53,0.21
419,0.78,0.65,0.4,0.16,0.5,0,0.63,0.22
420,0.68,0.59,0.44,0.49,0.5,0,0.4,0.26
421,0.5,0.51,0.57,0.27,0.5,0,0.48,0.22
422,0.51,0.46,0.57,0.25,0.5,0,0.53,0.22
423,0.49,0.45,0.46,0.18,0.5,0,0.49,0.31
424,0.39,0.58,0.5,0.1,0.5,0,0.51,0.25
425,0.45,0.58,0.59,0.44,0.5,0,0.56,0.22
426,0.46,0.49,0.45,0.28,0.5,0,0.55,0.22
427,0.5,0.32,0.49,0.49,0.5,0,0.48,0.32
428,0.48,0.45,0.59,0.35,0.5,0,0.55,0.3
429,0.48,0.52,0.49,0.35,0.5,0.5,0.51,0.22
430,0.45,0.41,0.49,0.14,1,0,0.53,0.3
431,0.28,0.36,0.55,0.15,0.5,0,0.57,0.22
432,0.74,0.72,0.5,0.28,0.5,0,0.5,0.27
433,0.59,0.61,0.51,0.62,0.5,0,0.51,0.38
434,0.78,0.69,0.44,0.26,0.5,0,0.54,0.22
435,0.95,0.71,0.27,0.39,0.5,0,0.31,0.22
436,0.39,0.49,0.3,0.19,0.5,0,0.52,0.31
437,0.49,0.48,0.52,0.2,0.5,0,0.55,0.22
438,0.54,0.53,0.48,0.14,0.5,0,0.49,0.33
439,0.45,0.47,0.53,0.15,0.5,0,0.52,0.27
440,0.46,0.62,0.54,0.25,0.5,0,0.46,0.22
441,0.52,0.46,0.56,0.2,0.5,0,0.5,0.22
442,0.45,0.48,0.56,0.56,0.5,0,0.47,0.22
443,0.48,0.41,0.54,0.39,0.5,0,0.51,0.22
444,0.34,0.35,0.58,0.2,0.5,0,0.46,0.32
445,0.37,0.44,0.51,0.56,0.5,0,0.5,0.38
446,0.48,0.5,0.56,0.11,0.5,0,0.33,0.22
447,0.49,0.45,0.54,0.4,0.5,0,0.55,0.22
448,0.57,0.6,0.54,0.17,0.5,0,0.52,0.22
449,0.33,0.28,0.52,0.15,0.5,0,0.51,0.86
450,0.43,0.41,0.51,0.34,0.5,0,0.49,0.28
451,0.49,0.49,0.51,0.29,0.5,0,0.52,0.71
452,0.41,0.52,0.51,0.22,0.5,0,0.52,0.44
453,0.58,0.31,0.6,0.12,0.5,0,0.47,0.33
454,0.44,0.33,0.55,0.16,0.5,0,0.49,0.22
455,0.57,0.51,0.58,0.22,0.5,0,0.51,0.22
456,0.34,0.58,0.5,0.26,0.5,0,0.51,0.22
457,0.35,0.4,0.44,0.25,0.5,0,0.53,0.57
458,0.55,0.38,0.64,0.42,0.5,0,0.47,0.22
459,0.45,0.49,0.57,0.25,0.5,0,0.48,0.22
460,0.39,0.39,0.59,0.25,0.5,0,0.45,0.22
461,0.61,0.38,0.57,0.36,0.5,0,0.44,0.21
462,0.43,0.33,0.54,0.37,0.5,0,0.38,0.16
463,0.72,0.51,0.52,0.08,0.5,0,0.54,0.22
464,0.57,0.49,0.61,0.26,0.5,0,0.52,0.22
465,0.36,0.49,0.55,0.21,0.5,0,0.55,0.33
466,0.35,0.33,0.48,0.42,0.5,0,0.47,0.43
467,0.46,0.35,0.69,0.18,0.5,0,0.3,0.25
468,0.58,0.45,0.55,0.27,0.5,0,0.48,0.11
469,0.43,0.33,0.67,0.12,0.5,0,0.43,0.23
470,0.58,0.44,0.5,0.26,0.5,0,0.52,0.22
471,0.4,0.45,0.61,0.29,0.5,0,0.44,0.22
472,0.35,0.39,0.56,0.2,0.5,0,0.49,0.41
473,0.44,0.62,0.53,0.27,0.5,0,0.49,0.22
474,0.56,0.61,0.52,0.19,0.5,0,0.52,0.32
475,0.47,0.56,0.46,0.5,0.5,0,0.51,0.22
476,0.42,0.38,0.52,0.29,0.5,0,0.42,0.22
477,0.49,0.4,0.58,0.23,0.5,0,0.47,0.27
478,0.51,0.4,0.5,0.28,0.5,0,0.48,0.27
479,0.47,0.58,0.47,0.52,0.5,0,0.54,0.22
480,0.46,0.42,0.51,0.16,0.5,0,0.56,0.22
481,0.55,0.55,0.52,0.13,0.5,0,0.53,0.25
482,0.46,0.44,0.58,0.17,0.5,0,0.55,0.22
483,0.46,0.47,0.44,0.18,1,0,0.46,0.22
484,0.51,0.51,0.32,0.27,0.5,0,0.54,0.22
485,0.65,0.66,0.37,0.12,0.5,0,0.52,0.27
486,0.42,0.43,0.67,0.7,0.5,0,0.42,0.25
487,0.4,0.49,0.53,0.23,0.5,0,0.44,0.26
488,0.38,0.42,0.31,0.35,0.5,0,0.52,0.22
489,0.46,0.48,0.38,0.22,0.5,0,0.39,0.45
490,0.4,0.75,0.44,0.12,0.5,0,0.49,0.22
491,0.43,0.47,0.47,0.18,0.5,0,0.47,0.22
492,0.52,0.47,0.58,0.18,0.5,0,0.34,0.11
493,0.37,0.29,0.45,0.15,0.5,0,0.49,0.22
494,0.37,0.48,0.67,0.37,0.5,0,0.56,0.62
495,0.48,0.65,0.36,0.24,0.5,0,0.54,0.31
496,0.59,0.49,0.45,0.22,0.5,0,0.45,0.31
497,0.52,0.31,0.56,0.16,0.5,0,0.55,0.22
498,0.55,0.46,0.47,0.15,0.5,0,0.47,0.22
499,0.5,0.52,0.51,0.22,0.5,0,0.46,0.37
500,0.62,0.33,0.49,0.24,0.5,0,0.51,0.42
501,0.51,0.5,0.49,0.45,0.5,0,0.48,0.22
502,0.7,0.58,0.53,0.39,0.5,0,0.59,0.22
503,0.55,0.41,0.67,0.61,0.5,0,0.49,0.14
504,0.66,0.65,0.53,0.17,0.5,0,0.47,0.66
505,0.58,0.64,0.42,0.3,0.5,0,0.54,0.22
506,0.74,0.82,0.46,0.24,0.5,0,0.5,0.31
507,0.38,0.34,0.55,0.44,0.5,0,0.48,0.26
508,0.47,0.47,0.5,0.19,0.5,0,0.51,0.26
509,0.31,0.51,0.38,0.18,0.5,0,0.46,0.31
510,0.44,0.65,0.49,0.16,0.5,0,0.48,0.31
511,0.48,0.44,0.46,0.37,0.5,0,0.46,0.36
512,0.45,0.4,0.56,0.15,0.5,0,0.52,0.22
513,0.52,0.45,0.53,0.34,0.5,0,0.52,0.44
514,0.63,0.58,0.57,0.1,0.5,0,0.52,0.33
515,0.33,0.17,0.52,0.13,0.5,0,0.51,0.75
516,0.38,0.42,0.5,0.19,0.5,0,0.44,0.22
517,0.28,0.27,0.5,0.14,0.5,0,0.5,0.28
518,0.41,0.46,0.57,0.25,0.5,0,0.57,0.38
519,0.77,0.7,0.44,0.29,0.5,0,0.56,0.22
520,0.79,0.79,0.42,0.26,0.5,0,0.6,0.22
521,0.49,0.5,0.42,0.43,0.5,0,0.5,0.36
522,0.25,0.26,0.53,0.17,0.5,0,0.45,0.22
523,0.59,0.46,0.57,0.17,0.5,0,0.52,0.22
524,0.5,0.46,0.49,0.27,0.5,0,0.6,0.22
525,0.49,0.36,0.47,0.28,0.5,0,0.56,0.54
526,0.34,0.42,0.48,0.19,0.5,0,0.46,0.31
527,0.48,0.39,0.56,0.23,0.5,0,0.6,0.22
528,0.47,0.59,0.56,0.09,0.5,0,0.5,0.22
529,0.54,0.35,0.55,0.19,0.5,0,0.3,0.22
530,0.5,0.47,0.45,0.14,0.5,0,0.53,0.32
531,0.55,0.49,0.6,0.18,0.5,0,0.51,0.22
532,0.48,0.58,0.58,0.12,0.5,0,0.49,0.22
533,0.65,0.58,0.53,0.21,0.5,0,0.51,0.22
534,0.41,0.48,0.51,0.2,0.5,0,0.51,0.22
535,0.57,0.47,0.48,0.17,0.5,0,0.52,0.26
536,1,0.8,0.29,0.36,0.5,0,0.52,0.22
537,0.88,0.75,0.41,0.36,0.5,0,0.43,0.22
538,0.47,0.41,0.46,0.18,0.5,0,0.53,0.22
539,0.59,0.56,0.5,0.48,0.5,0,0.46,0.22
540,0.25,0.41,0.47,0.14,0.5,0,0.56,0.68
541,0.71,0.51,0.49,0.23,0.5,0,0.3,0.32
542,0.74,0.73,0.32,0.2,0.5,0,0.55,0.22
543,0.35,0.32,0.31,0.16,0.5,0,0.56,0.22
544,0.67,0.61,0.39,0.24,0.5,0,0.51,0.22
545,0.47,0.41,0.53,0.27,0.5,0,0.47,0.25
546,0.39,0.56,0.34,0.18,0.5,0,0.49,0.22
547,0.75,0.73,0.35,0.33,0.5,0,0.49,0.28
548,0.5,0.63,0.45,0.13,0.5,0,0.45,0.32
549,0.2,0.6,0.5,0.29,0.5,0,0.51,0.22
550,0.51,0.46,0.41,0.36,0.5,0,0.49,0.22
551,0.6,0.68,0.3,0.27,0.5,0,0.55,0.22
552,0.77,0.68,0.35,0.19,0.5,0,0.53,0.43
553,0.77,0.74,0.37,0.29,0.5,0,0.45,0.22
554,0.47,0.38,0.58,0.19,0.5,0,0.57,0.22
555,0.74,0.75,0.45,0.44,0.5,0,0.52,0.22
556,0.52,0.53,0.58,0.69,0.5,0,0.5,0.22
557,0.25,0.4,0.52,0.15,0.5,0,0.56,0.28
558,0.58,0.56,0.38,0.39,0.5,0,0.54,0.57
559,0.48,0.61,0.57,0.17,0.5,0,0.45,0.22
560,0.61,0.48,0.54,0.25,0.5,0,0.5,0.22
561,0.86,0.74,0.51,0.4,0.5,0,0.55,0.22
562,0.58,0.5,0.5,0.12,0.5,0,0.48,0.25
563,0.48,0.61,0.44,0.2,0.5,0,0.47,0.22
564,0.52,0.56,0.54,0.53,0.5,0,0.45,0.22
565,0.73,0.83,0.43,0.3,0.5,0,0.55,0.22
566,0.56,0.43,0.54,0.16,0.5,0,0.5,0.22
567,0.62,0.58,0.46,0.13,0.5,0,0.53,0.22
568,0.31,0.45,0.5,0.17,0.5,0,0.49,0.22
569,0.38,0.49,0.61,0.13,0.5,0,0.54,0.22
570,0.44,0.53,0.52,0.37,0.5,0,0.5,0.22
571,0.54,0.45,0.62,0.13,0.5,0,0.52,0.26
572,0.89,0.77,0.36,0.34,0.5,0,0.44,0.22
573,0.48,0.43,0.45,0.17,0.5,0,0.48,0.37
574,0.43,0.52,0.53,0.52,1,0,0.49,0.22
575,0.33,0.37,0.54,0.28,0.5,0,0.53,0.27
576,0.6,0.51,0.52,0.45,0.5,0,0.5,0.27
577,0.48,0.54,0.53,0.6,0.5,0,0.53,0.31
578,0.75,0.67,0.51,0.29,0.5,0,0.52,0.36
579,0.49,0.52,0.53,0.7,0.5,0,0.51,0.22
580,0.51,0.48,0.46,0.29,0.5,0,0.54,0.22
581,0.53,0.43,0.57,0.24,0.5,0,0.39,0.28
582,0.41,0.41,0.43,0.61,0.5,0,0.53,0.22
583,0.46,0.53,0.47,0.37,0.5,0,0.51,0.36
584,0.34,0.34,0.65,0.4,0.5,0,0.32,0.16
585,0.33,0.42,0.55,0.23,0.5,0,0.52,0.43
586,0.4,0.43,0.36,0.33,0.5,0,0.51,0.22
587,0.23,0.37,0.32,0.13,0.5,0,0.53,0.22
588,0.45,0.45,0.51,0.3,0.5,0,0.48,0.44
589,0.46,0.61,0.38,0.35,0.5,0,0.49,0.22
590,0.25,0.48,0.45,0.32,0.5,0,0.4,0.22
591,0.45,0.36,0.5,0.19,0.5,0,0.53,0.7
592,0.38,0.67,0.33,0.17,0.5,0,0.51,0.22
593,0.41,0.47,0.5,0.14,0.5,0,0.53,0.37
594,0.48,0.45,0.59,0.2,0.5,0,0.58,0.34
595,0.43,0.39,0.54,0.21,0.5,0,0.53,0.27
596,0.5,0.34,0.55,0.21,0.5,0,0.49,0.22
597,0.61,0.6,0.55,0.21,0.5,0,0.5,0.25
598,0.43,0.44,0.48,0.22,0.5,0,0.51,0.22
599,0.73,0.63,0.42,0.3,0.5,0,0.49,0.22
600,0.46,0.53,0.52,0.15,0.5,0,0.58,0.22
601,0.57,0.47,0.6,0.18,0.5,0,0.51,0.22
602,0.33,0.55,0.51,0.43,0.5,0,0.51,0.22
603,0.78,0.74,0.42,0.26,0.5,0,0.43,0.22
604,0.86,0.68,0.39,0.24,0.5,0,0.54,0.22
605,0.79,0.57,0.41,0.28,0.5,0,0.59,0.22
606,0.41,0.54,0.39,0.2,0.5,0,0.51,0.22
607,0.53,0.31,0.58,0.39,0.5,0,0.47,0.37
608,0.48,0.39,0.51,0.21,0.5,0,0.52,0.28
609,0.66,0.62,0.49,0.1,0.5,0,0.49,0.22
610,0.48,0.43,0.51,0.32,0.5,0,0.52,0.43
611,0.41,0.46,0.59,0.19,0.5,0,0.58,0.27
612,0.48,0.54,0.55,0.12,0.5,0,0.51,0.22
613,0.45,0.55,0.54,0.66,0.5,0,0.47,0.22
614,0.49,0.42,0.56,0.55,0.5,0,0.42,0.25
615,0.5,0.54,0.53,0.54,0.5,0,0.51,0.27
616,0.48,0.45,0.55,0.5,0.5,0,0.53,0.22
617,0.54,0.52,0.63,0.37,0.5,0,0.46,0.22
618,0.46,0.38,0.47,0.22,0.5,0,0.52,0.27
619,0.38,0.5,0.37,0.26,0.5,0,0.43,0.22
620,0.69,0.7,0.52,0.36,0.5,0,0.46,0.22
621,0.44,0.52,0.41,0.23,0.5,0,0.51,0.22
622,0.59,0.67,0.56,0.41,0.5,0,0.47,0.22
623,0.58,0.62,0.54,0.17,0.5,0,0.48,0.22
624,0.46,0.71,0.48,0.53,0.5,0,0.53,0.22
625,0.62,0.51,0.52,0.42,0.5,0,0.54,0.27
626,0.59,0.48,0.5,0.14,0.5,0,0.45,0.25
627,0.4,0.42,0.71,0.21,0.5,0,0.54,0.32
628,0.35,0.45,0.43,0.11,0.5,0,0.56,0.22
629,0.42,0.42,0.42,0.2,0.5,0,0.49,0.22
630,0.39,0.42,0.38,0.4,0.5,0,0.49,0.47
631,0.26,0.44,0.3,0.11,0.5,0,0.51,0.47
632,0.66,0.45,0.5,0.23,0.5,0,0.49,0.22
633,0.31,0.31,0.56,0.33,0.5,0,0.52,0.33
634,0.24,0.34,0.69,0.18,0.5,0,0.52,0.22
635,0.31,0.55,0.52,0.17,0.5,0,0.52,0.22
636,0.32,0.57,0.5,0.15,0.5,0,0.53,0.22
637,0.61,0.72,0.31,0.33,0.5,0,0.56,0.22
638,0.44,0.42,0.6,0.21,0.5,0,0.57,0.22
639,0.49,0.46,0.45,0.45,0.5,0,0.52,0.22
640,0.49,0.6,0.43,0.56,0.5,0,0.36,0.22
641,0.53,0.38,0.66,0.25,0.5,0,0.43,0.22
642,0.41,0.51,0.58,0.15,0.5,0,0.45,0.27
643,0.2,0.26,0.52,0.14,0.5,0,0.53,0.44
644,0.51,0.53,0.55,0.14,0.5,0,0.51,0.22
645,0.39,0.28,0.46,0.12,0.5,0,0.41,0.22
646,0.23,0.2,0.53,0.2,0.5,0,0.44,0.22
647,0.55,0.54,0.56,0.22,0.5,0,0.5,0.37
648,0.51,0.55,0.35,0.16,0.5,0,0.51,0.47
649,0.45,0.56,0.53,0.32,0.5,0,0.57,0.22
650,0.32,0.47,0.55,0.12,0.5,0,0.52,0.22
651,0.55,0.46,0.46,0.31,0.5,0,0.58,0.48
652,0.56,0.62,0.53,0.24,0.5,0,0.57,0.22
653,0.58,0.6,0.51,0.24,0.5,0,0.53,0.22
654,0.35,0.36,0.57,0.17,0.5,0,0.52,0.22
655,0.45,0.4,0.56,0.14,0.5,0,0.54,0.22
656,0.5,0.5,0.48,0.17,0.5,0,0.47,0.26
657,0.6,0.6,0.49,0.3,0.5,0,0.53,0.22
658,0.49,0.46,0.34,0.21,0.5,0,0.55,0.22
659,0.45,0.42,0.52,0.2,0.5,0,0.5,0.25
660,0.37,0.33,0.5,0.12,0.5,0,0.51,0.54
661,0.27,0.51,0.47,0.35,0.5,0,0.49,0.28
662,0.64,0.53,0.45,0.13,0.5,0,0.53,0.22
663,0.52,0.51,0.51,0.12,0.5,0,0.51,0.4
664,0.44,0.51,0.48,0.38,0.5,0,0.52,0.22
665,0.58,0.41,0.51,0.26,0.5,0,0.51,0.37
666,0.37,0.34,0.58,0.24,0.5,0,0.44,0.18
667,0.61,0.57,0.45,0.21,0.5,0,0.5,0.42
668,0.53,0.68,0.34,0.42,0.5,0,0.54,0.27
669,0.85,0.85,0.3,0.31,0.5,0,0.55,0.42
670,0.55,0.53,0.56,0.29,0.5,0,0.48,0.22
671,0.38,0.46,0.52,0.75,0.5,0,0.5,0.26
672,0.43,0.44,0.3,0.18,0.5,0,0.51,0.22
673,0.43,0.45,0.37,0.12,0.5,0,0.48,0.22
674,0.45,0.57,0.3,0.17,0.5,0,0.51,0.22
675,0.42,0.44,0.33,0.17,0.5,0,0.54,0.27
676,0.45,0.54,0.54,0.62,0.5,0,0.53,0.22
677,0.51,0.34,0.43,0.18,0.5,0,0.48,0.25
678,0.45,0.38,0.59,0.18,0.5,0,0.44,0.45
679,0.89,0.81,0.36,0.71,0.5,0,0.55,0.63
680,0.58,0.55,0.52,0.22,0.5,0,0.44,0.22
681,0.5,0.45,0.49,0.3,0.5,0,0.47,0.4
682,0.47,0.43,0.35,0.32,0.5,0,0.54,0.22
683,0.7,0.73,0.38,0.36,0.5,0,0.54,0.22
684,0.84,0.63,0.38,0.23,0.5,0,0.53,0.22
685,0.36,0.44,0.57,0.18,0.5,0,0.42,0.22
686,0.48,0.57,0.52,0.61,0.5,0,0.51,0.22
687,0.68,0.5,0.55,0.65,0.5,0,0.46,0.31
688,0.52,0.49,0.57,0.57,0.5,0,0.51,0.22
689,0.18,0.48,0.46,0.12,0.5,0,0,0.25
690,0.53,0.51,0.51,0.11,0.5,0,0.49,0.41
691,0.58,0.49,0.5,0.41,0.5,0,0.57,0.22
692,0.57,0.44,0.42,0.2,0.5,0,0.54,0.22
693,0.55,0.65,0.5,0.28,0.5,0,0.55,0.22
694,0.29,0.46,0.54,0.27,0.5,0,0.49,0.22
695,0.66,0.52,0.52,0.44,0.5,0,0.56,0.27
696,0.37,0.31,0.53,0.16,0.5,0,0.53,0.44
697,0.45,0.73,0.47,0.65,0.5,0,0.54,0.43
698,0.66,0.54,0.49,0.16,0.5,0,0.54,0.36
699,0.42,0.5,0.53,0.22,0.5,0.83,0.5,0.22
700,0.59,0.57,0.43,0.26,0.5,0,0.51,0.22
701,0.39,0.3,0.56,0.12,0.5,0,0.53,0.38
702,0.41,0.54,0.58,0.2,0.5,0,0.52,0.22
703,0.45,0.43,0.63,0.4,0.5,0,0.59,0.11
704,0.44,0.44,0.67,0.35,0.5,0,0.48,0.26
705,0.62,0.59,0.54,0.47,0.5,0,0.46,0.22
706,0.51,0.48,0.51,0.43,0.5,0,0.49,0.22
707,0.46,0.46,0.56,0.12,0.5,0,0.55,0.22
708,0.36,0.39,0.55,0.26,0.5,0,0.49,0.22
709,0.47,0.59,0.37,0.31,0.5,0,0.51,0.36
710,0.33,0.46,0.53,0.29,0.5,0,0.5,0.55
711,0.11,0.41,0.67,0.13,0.5,0,0.45,0.29
712,0.47,0.5,0.55,0.19,0.5,0,0.62,0.22
713,0.49,0.44,0.51,0.18,0.5,0,0.52,0.27
714,0.43,0.28,0.53,0.34,0.5,0,0.55,0.57
715,0.3,0.55,0.58,0.16,0.5,0,0.61,0.28
716,0.83,0.57,0.42,0.57,0.5,0,0.5,0.32
717,0.52,0.64,0.34,0.16,0.5,0,0.57,0.22
718,0.58,0.51,0.56,0.16,0.5,0,0.34,0.22
719,0.69,0.39,0.52,0.12,0.5,0,0.38,0.35
720,0.47,0.43,0.59,0.27,0.5,0,0.55,0.22
721,0.45,0.46,0.61,0.2,0.5,0,0.62,0.22
722,0.61,0.46,0.44,0.47,0.5,0,0.5,0.37
723,0.8,0.82,0.57,0.26,0.5,0,0.57,0.27
724,0.75,0.6,0.43,0.35,0.5,0,0.45,0.27
725,0.57,0.49,0.5,0.2,0.5,0,0.51,0.28
726,0.74,0.74,0.51,0.27,0.5,0,0.5,0.22
727,0.4,0.37,0.54,0.13,0.5,0,0.48,0.22
728,0.45,0.4,0.43,0.22,0.5,0,0.51,0.48
729,0.74,0.71,0.52,0.3,0.5,0,0.27,0.22
730,0.4,0.39,0.33,0.17,0.5,0,0.51,0.31
731,0.97,0.71,0.29,0.42,0.5,0,0.35,0.22
732,0.44,0.43,0.34,0.21,0.5,0,0.55,0.4
733,0.56,0.5,0.56,0.26,0.5,0,0.53,0.27
734,0.41,0.53,0.41,0.15,0.5,0,0.54,0.25
735,0.66,0.55,0.34,0.2,0.5,0,0.62,0.22
736,0.75,0.69,0.48,0.13,0.5,0,0.57,0.4
737,0.42,0.53,0.57,0.17,0.5,0,0.49,0.22
738,0.33,0.35,0.56,0.19,0.5,0,0.5,0.22
739,0.77,0.57,0.45,0.17,0.5,0,0.53,0.22
740,0.56,0.59,0.54,0.18,0.5,0,0.48,0.46
741,0.68,0.39,0.5,0.15,0.5,0,0.48,0.37
742,0.32,0.48,0.49,0.17,0.5,0,0.47,0.22
743,0.51,0.39,0.56,0.25,0.5,0,0.51,0.33
744,0.51,0.51,0.56,0.28,0.5,0,0.54,0.27
745,0.48,0.56,0.49,0.32,0.5,0,0.5,0.22
746,0.29,0.4,0.41,0.48,0.5,0,0.53,0.3
747,0.61,0.55,0.51,0.26,0.5,0,0.52,0.22
748,0.5,0.62,0.52,0.3,0.5,0,0.56,0.22
749,0.64,0.53,0.59,0.14,0.5,0,0.53,0.22
750,0.38,0.31,0.59,0.19,0.5,0,0.46,0.22
751,0.51,0.55,0.56,0.18,0.5,0,0.5,0.38
752,0.64,0.5,0.53,0.1,0.5,0,0.51,0.22
753,0.49,0.67,0.5,0.28,0.5,0,0.43,0.22
754,0.32,0.49,0.53,0.28,0.5,0,0.5,0.5
755,0.42,0.21,0.59,0.3,0.5,0,0.47,0.27
756,0.37,0.58,0.5,0.22,0.5,0,0.47,0.22
757,0.43,0.33,0.54,0.37,0.5,0,0.38,0.16
758,0.57,0.37,0.43,0.27,0.5,0,0.53,0.28
759,0.48,0.45,0.63,0.19,0.5,0,0.58,0.22
760,0.52,0.46,0.56,0.25,0.5,0,0.52,0.22
761,0.31,0.6,0.65,0.18,0.5,0,0.46,0.22
762,0.57,0.42,0.63,0.22,0.5,0,0.68,0.32
763,0.46,0.35,0.69,0.18,0.5,0,0.3,0.25
764,0.57,0.43,0.52,0.3,0.5,0,0.37,0.11
765,0.61,0.48,0.56,0.19,0.5,0,0.53,0.31
766,0.4,0.45,0.61,0.29,0.5,0,0.44,0.22
767,0.73,0.6,0.47,0.2,0.5,0,0.72,0.22
768,0.46,0.33,0.45,0.22,0.5,0,0.41,0.37
769,0.32,0.44,0.54,0.21,0.5,0,0.4,0.19
770,0.5,0.5,0.62,0.23,0.5,0,0.35,0.11
771,0.53,0.57,0.6,0.36,0.5,0,0.5,0.22
772,0.37,0.37,0.51,0.38,0.5,0,0.44,0.22
773,0.56,0.42,0.52,0.14,0.5,0,0.51,0.22
774,0.46,0.49,0.55,0.18,0.5,0,0.56,0.22
775,0.53,0.51,0.55,0.57,0.5,0,0.46,0.22
776,0.38,0.4,0.53,0.12,0.5,0,0.55,0.22
777,0.54,0.51,0.56,0.15,0.5,0,0.54,0.31
778,0.37,0.42,0.46,0.15,0.5,0,0.51,0.31
779,0.7,0.78,0.53,0.24,0.5,0,0.48,0.22
780,0.45,0.65,0.51,0.17,0.5,0,0.49,0.22
781,0.42,0.42,0.55,0.31,0.5,0,0.43,0.22
782,0.8,0.69,0.53,0.33,0.5,0,0.51,0.22
783,0.57,0.51,0.34,0.13,0.5,0,0.53,0.27
784,0.33,0.46,0.6,0.18,0.5,0,0.51,0.26
785,0.36,0.32,0.55,0.27,0.5,0,0.47,0.43
786,0.46,0.41,0.45,0.23,0.5,0,0.48,0.22
787,0.4,0.39,0.6,0.23,0.5,0,0.52,0.31
788,0.77,0.73,0.49,0.46,0.5,0,0.38,0.22
789,0.53,0.25,0.59,0.27,0.5,0,0.45,0.26
790,0.25,0.33,0.48,0.18,0.5,0,0.42,0.33
791,0.56,0.52,0.46,0.17,0.5,0,0.49,0.73
792,0.51,0.48,0.51,0.19,0.5,0,0.51,0.27
793,0.6,0.46,0.51,0.1,0.5,0,0.48,0.31
794,0.6,0.46,0.51,0.1,0.5,0,0.48,0.31
795,0.44,0.39,0.63,0.11,0.5,0,0.49,0.26
796,0.25,0.42,0.21,0.14,0.5,0,0.41,0.22
797,0.83,0.81,0.45,0.38,0.5,0,0.4,0.26
798,0.38,0.51,0.56,0.21,0.5,0,0.48,0.31
799,0.44,0.4,0.53,0.19,0.5,0,0.48,0.27
800,0.48,0.54,0.56,0.29,0.5,0,0.51,0.43
801,0.33,0.37,0.49,0.22,0.5,0,0.55,0.22
802,0.78,0.73,0.27,0.28,0.5,0,0.56,0.22
803,0.63,0.64,0.49,0.2,0.5,0,0.52,0.25
804,0.39,0.47,0.49,0.2,0.5,0,0.53,0.26
805,0.61,0.52,0.5,0.44,0.5,0,0.53,0.22
806,0.54,0.48,0.55,0.33,0.5,0,0.55,0.4
807,0.58,0.51,0.63,0.2,0.5,0,0.5,0.42
808,0.38,0.42,0.5,0.19,0.5,0,0.44,0.22
809,0.32,0.32,0.52,0.18,0.5,0,0.48,0.34
810,0.44,0.55,0.51,0.16,0.5,0,0.6,0.22
811,0.8,0.83,0.43,0.24,0.5,0,0.54,0.22
812,0.58,0.55,0.51,0.13,0.5,0,0.52,0.22
813,0.52,0.49,0.59,0.21,0.5,0,0.47,0.22
814,0.42,0.37,0.54,0.17,0.5,0,0.51,0.22
815,0.39,0.45,0.75,0.17,0.5,0,0.51,0.22
816,0.53,0.45,0.52,0.29,0.5,0,0.55,0.38
817,0.62,0.6,0.54,0.22,0.5,0,0.54,0.27
818,0.48,0.44,0.51,0.24,0.5,0,0.49,0.22
819,0.79,0.62,0.35,0.35,0.5,0,0.6,0.28
820,0.19,0.41,0.55,0.13,0.5,0,0.52,0.25
821,0.27,0.43,0.5,0.13,0.5,0,0.54,0.31
822,0.42,0.46,0.44,0.17,0.5,0,0.51,0.42
823,0.42,0.51,0.33,0.16,0.5,0,0.54,0.22
824,0.36,0.51,0.51,0.17,0.5,0,0.52,0.22
825,0.5,0.55,0.52,0.16,0.5,0,0.51,0.31
826,0.25,0.4,0.54,0.16,0.5,0,0.43,0.22
827,0.5,0.4,0.57,0.17,0.5,0,0.59,0.22
828,0.78,0.71,0.35,0.25,0.5,0,0.49,0.22
829,0.51,0.39,0.56,0.55,0.5,0,0.46,0.64
830,0.49,0.49,0.4,0.2,0.5,0,0.48,0.26
831,0.5,0.47,0.56,0.31,0.5,0,0.56,0.26
832,0.45,0.39,0.46,0.29,0.5,0,0.42,0.22
833,0.32,0.3,0.57,0.38,0.5,0,0.5,0.25
834,0.45,0.5,0.43,0.16,0.5,0,0.52,0.28
835,0.22,0.53,0.36,0.22,0.5,0,0.54,0.31
836,0.57,0.52,0.46,0.2,0.5,0.83,0.52,0.41
837,0.56,0.71,0.47,0.21,0.5,0,0.52,0.22
838,0.58,0.63,0.52,0.7,0.5,0,0.46,0.22
839,0.28,0.48,0.36,0.16,0.5,0,0.53,0.22
840,0.52,0.65,0.36,0.26,0.5,0,0.44,0.22
841,0.64,0.44,0.56,0.15,0.5,0,0.56,0.22
842,0.42,0.71,0.45,0.15,0.5,0,0.48,0.22
843,0.38,0.56,0.38,0.16,0.5,0,0.53,0.22
844,0.92,0.66,0.52,0.23,0.5,0,0.53,0.22
845,0.8,0.73,0.47,0.19,0.5,0,0.49,0.22
846,0.52,0.46,0.34,0.2,0.5,0,0.51,0.25
847,0.36,0.48,0.61,0.26,0.5,0,0.5,0.16
848,0.3,0.37,0.4,0.45,0.5,0,0.48,0.41
849,0.43,0.4,0.6,0.16,0.5,0,0.53,0.39
850,0.72,0.61,0.45,0.3,0.5,0,0.54,0.25
851,0.43,0.57,0.51,0.49,0.5,0,0.48,0.22
852,0.36,0.46,0.62,0.46,0.5,0,0.51,0.33
853,0.27,0.6,0.48,0.23,0.5,0,0.55,0.22
854,0.51,0.34,0.5,0.19,0.5,0,0.5,0.22
855,0.38,0.37,0.56,0.21,0.5,0,0.49,0.22
856,0.56,0.52,0.48,0.17,0.5,0,0.46,0.22
857,0.36,0.49,0.3,0.22,0.5,0,0.52,0.31
858,0.81,0.9,0.39,0.41,0.5,0,0.53,0.22
859,0.44,0.34,0.55,0.18,0.5,0,0.52,0.22
860,0.43,0.54,0.58,0.16,0.5,0,0.5,0.36
861,0.51,0.63,0.3,0.35,0.5,0,0.53,0.27
862,0.57,0.61,0.55,0.67,0.5,0,0.48,0.22
863,0.32,0.36,0.34,0.19,0.5,0,0.55,0.26
864,0.52,0.48,0.58,0.55,0.5,0,0.48,0.22
865,0.48,0.48,0.5,0.47,0.5,0,0.55,0.22
866,0.78,0.48,0.47,0.3,0.5,0,0.53,0.47
867,0.5,0.34,0.62,0.19,0.5,0,0.57,0.22
868,0.33,0.38,0.53,0.26,0.5,0,0.52,0.27
869,0.4,0.52,0.53,0.52,0.5,0,0.51,0.22
870,0.72,0.56,0.4,0.26,0.5,0,0.51,0.26
871,0.5,0.56,0.49,0.61,0.5,0,0.5,0.22
872,0.7,0.84,0.49,0.28,1,0,0.58,0.22
873,0.39,0.81,0.35,0.28,0.5,0,0.51,0.45
874,0.45,0.53,0.51,0.42,0.5,0,0.52,0.22
875,0.39,0.44,0.54,0.24,0.5,0,0.51,0.49
876,0.66,0.55,0.54,0.18,0.5,0,0.43,0.22
877,0.45,0.5,0.57,0.29,0.5,0,0.44,0.11
878,0.39,0.65,0.57,0.19,0.5,0,0.44,0.25
879,0.39,0.65,0.57,0.19,0.5,0,0.43,0.25
880,0.47,0.55,0.57,0.17,0.5,0,0.52,0.66
881,0.37,0.4,0.38,0.18,0.5,0,0.51,0.22
882,0.55,0.57,0.51,0.07,0.5,0,0.55,0.22
883,0.66,0.65,0.54,0.4,0.5,0,0.51,0.22
884,0.5,0.43,0.5,0.17,0.5,0,0.46,0.47
885,0.19,0.66,0.6,0.14,0.5,0,0.2,0.25
886,0.48,0.17,0.37,0.33,0.5,0,0.44,0.36
887,0.4,0.36,0.32,0.16,0.5,0,0.51,0.27
888,0.29,0.26,0.43,0.17,0.5,0,0.55,0.3
889,0.82,0.63,0.47,0.18,0.5,0,0.5,0.22
890,0.51,0.45,0.62,0.25,0.5,0,0.59,0.22
891,0.58,0.61,0.47,0.13,0.5,0,0.48,0.22
892,0.6,0.4,0.52,0.46,0.5,0,0.53,0.22
893,0.66,0.55,0.45,0.19,0.5,0,0.46,0.22
894,0.43,0.53,0.52,0.13,0.5,0,0.55,0.22
895,0.63,0.67,0.57,0.24,0.5,0,0.49,0.22
896,0.38,0.61,0.61,0.12,0.5,0,0.53,0.47
897,0.74,0.57,0.51,0.28,0.5,0,0.58,0.22
898,0.42,0.24,0.34,0.16,0.5,0,0.5,0.22
899,0.64,0.56,0.56,0.22,0.5,0,0.45,0.22
900,0.43,0.35,0.52,0.52,0.5,0,0.54,0.22
901,0.47,0.39,0.59,0.15,0.5,0,0.57,0.22
902,0.63,0.53,0.54,0.4,0.5,0,0.5,0.22
903,0.39,0.44,0.35,0.16,0.5,0,0.55,0.22
904,0.5,0.52,0.59,0.3,0.5,0,0.51,0.35
905,0.4,0.45,0.56,0.2,0.5,0,0.45,0.22
906,0.61,0.72,0.39,0.33,0.5,0,0.58,0.22
907,0.3,0.56,0.55,0.18,0.5,0,0.5,0.22
908,0.45,0.41,0.5,0.46,0.5,0.5,0.5,0.27
909,0.67,0.62,0.54,0.43,0.5,0,0.53,0.22
910,0.6,0.5,0.57,0.25,0.5,0,0.41,0.26
911,0.47,0.32,0.64,0.3,0.5,0,0.63,0.22
912,0.28,0.37,0.61,0.09,0.5,0,0.52,0.55
913,0.42,0.43,0.56,0.1,0.5,0,0.49,0.22
914,0.49,0.47,0.53,0.16,0.5,0,0.48,0.27
915,0.4,0.42,0.71,0.21,0.5,0,0.54,0.32
916,0.21,0.41,0.55,0.11,0.5,0,0.5,0.27
917,0.49,0.43,0.51,0.13,0.5,0,0.47,0.22
918,0.54,0.38,0.52,0.18,0.5,0,0.48,0.22
919,0.52,0.51,0.51,0.54,0.5,0,0.55,0.27
920,0.63,0.56,0.45,0.58,0.5,0,0.51,0.22
921,0.58,0.58,0.58,0.49,0.5,0,0.49,0.26
922,0.72,0.62,0.34,0.29,0.5,0,0.56,0.28
923,0.72,0.61,0.37,0.3,0.5,0,0.57,0.22
924,0.46,0.43,0.38,0.33,0.5,0,0.48,0.28
925,0.55,0.45,0.45,0.54,0.5,0,0.5,0.22
926,0.47,0.46,0.59,0.49,0.5,0,0.56,0.22
927,0.78,0.74,0.58,0.25,1,0,0.53,0.22
928,0.7,0.65,0.54,0.28,0.5,0,0.6,0.4
929,0.41,0.45,0.53,0.17,0.5,0,0.51,0.25
930,0.36,0.37,0.33,0.14,0.5,0,0.57,0.31
931,0.46,0.54,0.71,0.15,0.5,0,0.59,0.22
932,0.45,0.27,0.57,0.36,0.5,0,0.52,0.18
933,0.27,0.39,0.66,0.11,0.5,0,0.44,0.22
934,0.34,0.42,0.3,0.23,0.5,0,0.53,0.22
935,0.42,0.32,0.5,0.21,0.5,0,0.51,0.22
936,0.36,0.24,0.49,0.16,0.5,0,0.51,0.22
937,0.6,0.56,0.47,0.2,0.5,0,0.5,0.38
938,0.5,0.51,0.52,0.09,0.5,0,0.48,0.25
939,0.46,0.43,0.49,0.79,0.5,0,0.49,0.63
940,0.56,0.52,0.55,0.19,0.5,0,0.54,0.22
941,0.61,0.3,0.59,0.12,0.5,0,0.49,0.27
942,0.78,0.7,0.32,0.23,0.5,0,0.53,0.22
943,0.52,0.75,0.37,0.14,0.5,0,0.46,0.22
944,0.59,0.58,0.46,0.19,0.5,0,0.56,0.27
945,0.53,0.68,0.42,0.19,0.5,0,0.53,0.22
946,0.73,0.55,0.41,0.16,0.5,0,0.46,0.22
947,0.77,0.87,0.47,0.37,0.5,0,0.48,0.22
948,0.43,0.51,0.48,0.14,0.5,0,0.5,0.22
949,0.33,0.44,0.49,0.08,0.5,0,0.48,0.49
950,0.47,0.47,0.58,0.16,0.5,0,0.49,0.28
951,0.37,0.34,0.32,0.22,0.5,0,0.56,0.22
952,0.37,0.43,0.62,0.27,0.5,0,0.48,0.22
953,0.7,0.69,0.43,0.33,0.5,0,0.58,0.22
954,0.51,0.35,0.46,0.15,0.5,0,0.51,0.42
955,0.59,0.65,0.52,0.3,0.5,0,0.46,0.31
956,0.54,0.56,0.57,0.18,0.5,0,0.45,0.25
957,0.49,0.43,0.48,0.15,0.5,0,0.55,0.25
958,0.49,0.47,0.52,0.16,0.5,0,0.53,0.28
959,0.49,0.42,0.54,0.17,0.5,0,0.5,0.36
960,0.2,0.34,0.33,0.1,0.5,0,0.48,0.31
961,0.55,0.41,0.56,0.21,0.5,0,0.52,0.22
962,0.28,0.51,0.55,0.11,0.5,0,0.46,0.22
963,0.56,0.57,0.63,0.39,1,0,0.59,0.4
964,0.35,0.4,0.53,0.18,0.5,0,0.42,0.38
965,0.47,0.45,0.53,0.62,0.5,0,0.46,0.22
966,0.39,0.39,0.55,0.52,0.5,0,0.37,0.16
967,0.48,0.57,0.5,0.09,0.5,0,0.52,0.42
968,0.44,0.41,0.58,0.2,0.5,0,0.57,0.25
969,0.45,0.56,0.51,0.64,0.5,0,0.54,0.22
970,0.44,0.53,0.52,0.37,0.5,0,0.5,0.22
971,0.41,0.3,0.49,0.28,0.5,0,0.54,0.22
972,0.51,0.43,0.63,0.18,0.5,0,0.52,0.22
973,0.47,0.59,0.43,0.13,0.5,0,0.56,0.3
974,0.4,0.45,0.42,0.17,0.5,0,0.54,0.26
975,0.49,0.41,0.32,0.21,0.5,0,0.5,0.32
976,0.35,0.53,0.35,0.33,0.5,0,0.5,0.32
977,0.46,0.41,0.5,0.44,0.5,0,0.53,0.22
978,0.7,0.73,0.37,0.37,0.5,0,0.48,0.31
979,0.23,0.34,0.41,0.28,0.5,0,0.5,0.27
980,0.34,0.31,0.6,0.37,0.5,0,0.5,0.3
981,0.38,0.49,0.54,1,0.5,0,0.5,0.27
982,0.27,0.56,0.56,0.18,0.5,0,0.52,0.22
983,0.76,0.74,0.56,0.34,0.5,0,0.51,0.3
984,0.42,0.32,0.48,0.16,0.5,0,0.55,0.22
985,0.36,0.34,0.46,0.19,0.5,0,0.52,0.22
986,0.44,0.41,0.44,0.13,0.5,0,0.49,0.42
987,0.46,0.14,0.36,0.21,0.5,0,0.5,0.25
988,0.39,0.37,0.56,0.15,0.5,0,0.5,0.27
989,0.47,0.54,0.54,0.48,0.5,0,0.53,0.26
990,0.72,0.58,0.42,0.28,0.5,0,0.48,0.22
991,0.81,0.65,0.52,0.41,0.5,0,0.57,0.26
992,0.62,0.6,0.47,0.16,0.5,0,0.53,0.22
993,0.4,0.53,0.61,0.21,0.5,0,0.48,0.33
994,0.46,0.42,0.6,0.21,0.5,0,0.4,0.22
995,0.79,0.74,0.49,0.33,0.5,0,0.48,0.22
996,0.74,0.56,0.35,0.36,0.5,0,0.51,0.25
997,0.67,0.51,0.54,0.21,0.5,0,0.43,0.3
998,0.5,0.46,0.64,0.36,0.5,0,0.49,0.22
999,0.6,0.46,0.59,0.16,0.5,0,0.49,0.22
1000,0.58,0.53,0.57,0.46,0.5,0,0.51,0.27
1001,0.61,0.46,0.51,0.37,0.5,0,0.51,0.22
1002,0.53,0.4,0.57,0.12,0.5,0,0.53,0.32
1003,0.46,0.44,0.53,0.31,0.5,0,0.48,0.22
1004,0.57,0.4,0.48,0.24,0.5,0,0.55,0.22
1005,0.39,0.35,0.49,0.17,0.5,0,0.49,0.22
1006,0.43,0.4,0.5,0.18,0.5,0,0.5,0.28
1007,0.81,0.79,0.32,0.37,0.5,0,0.41,0.22
1008,0.53,0.61,0.51,0.49,0.5,0,0.54,0.27
1009,0.35,0.44,0.54,0.26,0.5,0,0.52,0.26
1010,0.29,0.34,0.55,0.24,0.5,0,0.51,0.22
1011,0.47,0.47,0.5,0.15,0.5,0,0.5,0.48
1012,0.48,0.49,0.45,0.23,0.5,0,0.51,0.22
1013,0.76,0.67,0.37,0.22,0.5,0,0.54,0.22
1014,0.28,0.48,0.56,0.16,0.5,0,0.48,0.26
1015,0.5,0.5,0.54,0.16,0.5,0,0.49,0.22
1016,0.53,0.51,0.36,0.13,0.5,0,0.52,0.22
1017,0.37,0.42,0.6,0.13,0.5,0,0.51,0.22
1018,0.74,0.89,0.32,0.24,0.5,0,0.54,0.32
1019,0.67,0.46,0.58,0.3,0.5,0,0.57,0.27
1020,0.26,0.28,0.6,0.2,0.5,0,0.54,0.31
1021,0.59,0.45,0.58,0.21,0.5,0,0.49,0.22
1022,0.47,0.49,0.6,0.15,0.5,0,0.38,0.22
1023,0.46,0.46,0.53,0.23,0.5,0,0.51,0.22
1024,0.43,0.45,0.53,0.19,0.5,0,0.56,0.22
1025,0.48,0.46,0.58,0.26,0.5,0,0.44,0.22
1026,0.77,0.72,0.48,0.26,0.5,0,0.51,0.22
1027,0.44,0.42,0.57,0.22,0.5,0,0.5,0.25
1028,0.53,0.54,0.43,0.18,0.5,0,0.53,0.31
1029,0.38,0.45,0.37,0.19,0.5,0,0.52,0.3
1030,0.47,0.54,0.53,0.77,0.5,0,0.52,0.36
1031,0.77,0.73,0.51,0.27,0.5,0,0.34,0.22
1032,0.36,0.39,0.54,0.16,0.5,0,0.5,0.28
1033,0.37,0.48,0.5,0.26,0.5,0,0.52,0.39
1034,0.5,0.45,0.53,0.21,0.5,0,0.28,0.22
1035,0.46,0.37,0.48,0.36,0.5,0,0.48,0.22
1036,0.55,0.63,0.54,0.16,0.5,0,0.45,0.27
1037,0.53,0.59,0.48,0.14,0.5,0,0.51,0.22
1038,0.33,0.39,0.52,0.09,0.5,0,0.47,0.28
1039,0.3,0.3,0.46,0.32,0.5,0,0.45,0.22
1040,0.52,0.37,0.48,0.13,0.5,0,0.55,0.22
1041,0.59,0.46,0.48,0.46,0.5,0,0.49,0.22
1042,0.51,0.46,0.4,0.65,0.5,0,0.49,0.22
1043,0.81,0.55,0.35,0.34,0.5,0,0.51,0.22
1044,0.53,0.45,0.53,0.18,0.5,0,0.42,0.22
1045,0.58,0.53,0.33,0.26,0.5,0,0.51,0.22
1046,0.43,0.46,0.5,0.21,0.5,0,0.49,0.34
1047,0.24,0.41,0.47,0.16,0.5,0,0.51,0.38
1048,0.61,0.39,0.53,0.14,0.5,0,0.43,0.26
1049,0.43,0.48,0.53,0.18,0.5,0,0.46,0.22
1050,0.55,0.59,0.53,0.15,0.5,0,0.49,0.22
1051,0.48,0.47,0.59,0.41,0.5,0,0.56,0.27
1052,0.54,0.53,0.53,0.17,0.5,0,0.51,0.39
1053,0.44,0.45,0.53,0.19,0.5,0,0.41,0.28
1054,0.46,0.41,0.58,0.1,0.5,0,0.48,0.22
1055,0.4,0.66,0.34,0.21,0.5,0,0.52,0.26
1056,0.56,0.51,0.32,0.49,0.5,0,0.48,0.22
1057,0.47,0.45,0.51,0.33,0.5,0,0.46,0.26
1058,0.38,0.4,0.59,0.25,0.5,0,0.44,0.22
1059,0.54,0.55,0.56,0.14,0.5,0,0.5,0.25
1060,0.45,0.5,0.57,0.29,0.5,0,0.44,0.11
1061,0.51,0.39,0.58,0.19,0.5,0,0.47,0.22
1062,0.34,0.48,0.47,0.19,0.5,0,0.5,0.3
1063,0.54,0.57,0.55,0.18,0.5,0,0.5,0.22
1064,0.34,0.47,0.48,0.32,0.5,0,0.42,0.22
1065,0.29,0.4,0.5,0.16,0.5,0,0.51,0.34
1066,0.59,0.51,0.48,0.12,0.5,0,0.54,0.31
1067,0.72,0.37,0.63,0.38,0.5,0,0.4,0.14
1068,0.63,0.64,0.45,0.26,0.5,0,0.43,0.22
1069,0.43,0.33,0.67,0.12,0.5,0,0.45,0.23
1070,0.38,0.43,0.53,0.22,0.5,0,0.48,0.11
1071,0.43,0.22,0.79,0.79,0.5,0,0.22,0
1072,0.35,0.21,1,0.8,0.5,0,0.13,0.01
1073,0.56,0.35,0.47,0.35,0.5,0,0.52,0.22
1074,0.48,0.46,0.58,0.16,0.5,0,0.45,0.22
1075,0.48,0.55,0.48,0.1,0.5,0,0.55,0.22
1076,0.78,0.82,0.56,0.21,0.5,0,0.69,0.22
1077,0.42,0.49,0.49,0.36,0.5,0,0.57,0.26
1078,0.46,0.54,0.59,0.41,0.5,0,0.53,0.21
1079,0.53,0.57,0.6,0.36,0.5,0,0.5,0.22
1080,0.37,0.3,0.62,0.43,0.5,0,0.44,0.39
1081,0.41,0.46,0.58,0.08,0.5,0,0.51,0.28
1082,0.57,0.5,0.4,0.08,0.5,0,0.47,0.22
1083,0.34,0.25,0.55,0.28,0.5,0,0.51,0.49
1084,0.59,0.54,0.53,0.14,0.5,0,0.48,0.22
1085,0.39,1,0.38,0.41,0.5,0,0.5,0.27
1086,0.39,0.46,0.33,0.18,0.5,0,0.53,0.22
1087,0.55,0.52,0.44,0.2,0.5,0,0.56,0.22
1088,0.58,0.56,0.46,0.14,0.5,0,0.51,0.22
1089,0.46,0.38,0.51,0.2,0.5,0,0.51,0.22
1090,0.55,0.72,0.35,0.26,0.5,0,0.49,0.22
1091,0.59,0.55,0.57,0.18,0.5,0,0.51,0.22
1092,0.48,0.51,0.5,0.24,0.5,0,0.54,0.38
1093,0.47,0.52,0.54,0.25,0.5,0,0.54,0.29
1094,0.54,0.59,0.57,0.34,0.5,0,0.49,0.22
1095,0.53,0.49,0.47,0.21,0.5,0,0.53,0.22
1096,0.46,0.56,0.56,0.25,0.5,0,0.43,0.22
1097,0.37,0.55,0.52,0.13,0.5,0,0.42,0.8
1098,0.52,0.65,0.36,0.37,0.5,0,0.52,0.34
1099,0.19,0.16,0.68,0.36,0.5,0,0.49,0.21
1100,0.47,0.56,0.51,0.2,0.5,0,0.52,0.59
1101,0.54,0.6,0.57,0.17,0.5,0,0.44,0.22
1102,0.45,0.57,0.38,0.28,0.5,0,0.53,0.31
1103,0.52,0.47,0.58,0.18,0.5,0,0.34,0.11
1104,0.57,0.55,0.51,0.18,0.5,0,0.51,0.43
1105,0.27,0.46,0.52,0.17,0.5,0,0.49,0.44
1106,0.52,0.45,0.45,0.13,0.5,0,0.48,0.22
1107,0.44,0.59,0.54,0.18,0.5,0,0.49,0.22
1108,0.23,0.13,0.51,0.16,0.5,0,0.53,0.51
1109,0.49,0.48,0.51,0.21,0.5,0,0.53,0.22
1110,0.6,0.62,0.54,0.11,0.5,0,0.51,0.22
1111,0.31,0.5,0.54,0.32,0.5,0,0.53,0.31
1112,0.53,0.48,0.51,0.18,0.5,0,0.52,0.27
1113,0.51,0.48,0.51,0.26,0.5,0,0.51,0.27
1114,0.38,0.42,0.47,0.12,0.5,0,0.47,0.53
1115,0.3,0.45,0.55,0.19,0.5,0,0.53,0.4
1116,0.74,0.82,0.46,0.24,0.5,0,0.48,0.22
1117,0.58,0.37,0.58,0.16,0.5,0,0.51,0.22
1118,0.43,0.28,0.41,0.32,0.5,0,0.52,0.22
1119,0.41,0.49,0.55,0.13,0.5,0,0.55,0.22
1120,0.23,0.29,0.46,0,0.5,0,0.43,0.31
1121,0.61,0.54,0.54,0.38,0.5,0,0.54,0.29
1122,0.55,0.38,0.52,0.16,0.5,0,0.49,0.64
1123,0.41,0.56,0.53,0.16,0.5,0,0.55,0.26
1124,0.31,0.4,0.31,0.17,0.5,0,0.52,0.22
1125,0.59,0.48,0.49,0.42,0.5,0,0.52,0.22
1126,0.54,0.55,0.55,0.4,0.5,0,0.53,0.22
1127,0.44,0.54,0.51,0.16,0.5,0,0.58,0.22
1128,0.79,0.56,0.53,0.19,0.5,0,0.47,0.35
1129,0.52,0.5,0.6,0.2,0.5,0,0.52,0.22
1130,0.61,0.73,0.5,0.58,0.5,0,0.5,0.22
1131,0.5,0.43,0.56,0.17,0.5,0,0.35,0.22
1132,0.5,0.44,0.57,0.28,0.5,0,0.57,0.22
1133,0.6,0.57,0.63,0.22,0.5,0,0.5,0.49
1134,0.56,0.49,0.47,0.13,0.5,0,0.52,0.22
1135,0.73,0.59,0.35,0.15,0.5,0,0.54,0.22
1136,0.6,0.37,0.52,0.15,0.5,0,0.55,0.26
1137,0.64,0.61,0.56,0.15,0.5,0,0.54,0.22
1138,0.63,0.56,0.52,0.21,0.5,0,0.5,0.22
1139,0.56,0.68,0.42,0.36,0.5,0,0.49,0.22
1140,0.64,0.56,0.52,0.17,0.5,0,0.54,0.47
1141,0.69,0.66,0.36,0.09,0.5,0,0.56,0.22
1142,0.4,0.45,0.45,0.15,0.5,0,0.53,0.48
1143,0.39,0.63,0.41,0.27,0.5,0,0.49,0.22
1144,0.45,0.51,0.43,0.22,0.5,0,0.57,0.22
1145,0.77,0.78,0.27,0.37,0.5,0,0.49,0.22
1146,0.57,0.53,0.6,0.28,0.5,0,0.52,0.45
1147,0.33,0.49,0.46,0.22,0.5,0,0.53,0.33
1148,0.28,0.41,0.46,0.18,0.5,0,0.47,0.39
1149,0.24,0.25,0.57,0.28,0.5,0,0.51,0.11
1150,0.43,0.41,0.37,0.18,0.5,0,0.54,0.31
1151,0.46,0.59,0.38,0.12,0.5,0,0.5,0.22
1152,0.59,0.48,0.49,0.49,0.5,0,0.36,0.32
1153,0.61,0.76,0.3,0.16,0.5,0,0.45,0.41
1154,0.33,0.38,0.47,0.14,0.5,0,0.51,0.47
1155,0.39,0.33,0.33,0.23,0.5,0,0.47,0.22
1156,0.86,0.78,0.34,0.15,0.5,0,0.53,0.22
1157,0.72,0.73,0.41,0.28,0.5,0,0.44,0.22
1158,0.46,0.62,0.46,0.54,0.5,0,0.51,0.27
1159,0.39,0.58,0.47,0.18,0.5,0,0.48,0.22
1160,0.38,0.47,0.47,0.18,0.5,0,0.44,0.26
1161,0.63,0.57,0.5,0.48,0.5,0,0.51,0.22
1162,0.6,0.61,0.54,0.11,0.5,0,0.46,0.22
1163,0.81,0.62,0.43,0.17,0.5,0,0.53,0.22
1164,0.49,0.39,0.52,0.29,0.5,0,0.48,0.22
1165,0.42,0.35,0.54,0.18,0.5,0,0.56,0.22
1166,0.4,0.44,0.49,0.47,0.5,0,0.49,0.27
1167,0.41,0.4,0.59,0.47,0.5,0,0.48,0.43
1168,0.39,0.44,0.28,0.12,0.5,0,0.46,0.27
1169,0.69,0.6,0.51,0.13,0.5,0.83,0.52,0.22
1170,0.48,0.35,0.42,0.21,0.5,0,0.57,0.22
1171,0.56,0.44,0.56,0.19,0.5,0,0.54,0.22
1172,0.49,0.37,0.59,0.17,0.5,0,0.51,0.22
1173,0.83,0.53,0.52,0.2,0.5,0,0.48,0.25
1174,0.53,0.42,0.58,0.29,0.5,0,0.5,0.22
1175,0.57,0.58,0.58,0.35,0.5,0,0.49,0.22
1176,0.37,0.51,0.57,0.4,0.5,0,0.48,0.27
1177,0.38,0.62,0.52,0.14,0.5,0,0.53,0.22
1178,0.5,0.42,0.57,0.49,0.5,0,0.48,0.27
1179,0.48,0.48,0.56,0.18,0.5,0,0.58,0.22
1180,0.35,0.42,0.56,0.28,0.5,0,0.47,0.22
1181,0.53,0.51,0.54,0.21,0.5,0,0.45,0.22
1182,0.49,0.38,0.49,0.15,0.5,0,0.53,0.25
1183,0.66,0.54,0.53,0.17,0.5,0,0.54,0.22
1184,0.43,0.48,0.36,0.26,0.5,0,0.52,0.22
1185,0.46,0.61,0.55,0.29,0.5,0,0.49,0.22
1186,0.83,0.94,0.32,0.21,0.5,0,0.51,0.22
1187,0.64,0.62,0.49,0.15,0.5,0,0.53,0.22
1188,0.58,0.44,0.57,0.13,0.5,0,0.54,0.22
1189,0.55,0.5,0.66,0.36,0.5,0,0.49,0.22
1190,0.41,0.53,0.45,0.14,0.5,0,0.52,0.66
1191,0.45,0.46,0.55,0.43,0.5,0,0.55,0.38
1192,0.34,0.46,0.57,0.09,0.5,0,0.55,0.22
1193,0.46,0.49,0.58,0.23,0.5,0,0.44,0.22
1194,0.28,0.58,0.21,0.13,0.5,0,0.51,0.22
1195,0.8,0.63,0.45,0.29,0.5,0,0.51,0.22
1196,0.78,0.75,0.4,0.28,0.5,0,0.53,0.22
1197,0.64,0.57,0.57,0.27,0.5,0,0.37,0.22
1198,0.3,0.32,0.57,0.19,0.5,0,0.48,0.55
1199,0.45,0.51,0.5,0.16,0.5,0,0.52,1
1200,0.64,0.62,0.29,0.28,0.5,0,0.51,0.22
1201,0.55,0.53,0.55,0.46,0.5,0,0.52,0.22
1202,0.4,0.62,0.52,0.31,0.5,0,0.49,0.31
1203,0.35,0.58,0.54,0.16,0.5,0,0.51,0.22
1204,0.34,0.54,0.5,0.21,0.5,0,0.54,0.31
1205,0.48,0.54,0.5,0.17,0.5,0,0.53,0.22
1206,0.64,0.6,0.57,0.19,0.5,0,0.43,0.22
1207,0.39,0.55,0.48,0.31,0.5,0,0.54,0.29
1208,0.44,0.39,0.53,0.14,0.5,0,0.54,0.44
1209,0.45,0.43,0.51,0.24,0.5,0,0.54,0.33
1210,0.71,0.59,0.48,0.43,0.5,0,0.59,0.22
1211,0.44,0.38,0.48,0.32,0.5,0.83,0.53,0.22
1212,0.39,0.4,0.53,0.67,0.5,0,0.47,0.22
1213,0.43,0.57,0.53,0.53,0.5,0,0.53,0.25
1214,0.59,0.5,0.52,0.28,0.5,0,0.55,0.25
1215,0.37,0.42,0.51,0.11,0.5,0,0.57,0.22
1216,0.75,0.7,0.38,0.27,0.5,0,0.49,0.22
1217,0.57,0.57,0.44,0.37,0.5,0,0.52,0.25
1218,0.5,0.41,0.44,0.5,0.5,0,0.42,0.22
1219,0.5,0.4,0.56,0.7,0.5,0,0.5,0.22
1220,0.67,0.68,0.46,0.29,0.5,0,0.46,0.22
1221,0.53,0.51,0.46,0.28,0.5,0,0.48,0.22
1222,0.47,0.54,0.37,0.14,0.5,0,0.5,0.22
1223,0.56,0.41,0.58,0.21,0.5,0,0.42,0.22
1224,0.34,0.36,0.54,0.11,0.5,0,0.36,0.21
1225,0.69,0.61,0.38,0.27,0.5,0,0.52,0.22
1226,0.37,0.53,0.6,0.19,0.5,0.5,0.42,0.22
1227,0.82,0.78,0.49,0.23,0.5,0,0.46,0.22
1228,0.38,0.51,0.75,0.17,0.5,0,0.55,0.22
1229,0.53,0.44,0.51,0.33,0.5,0,0.52,0.22
1230,0.53,0.53,0.6,0.13,0.5,0,0.49,0.22
1231,0.38,0.48,0.59,0.22,0.5,0,0.46,0.22
1232,0.41,0.24,0.54,0.26,0.5,0,0.41,0.22
1233,0.47,0.65,0.54,0.62,0.5,0,0.53,0.36
1234,0.53,0.61,0.52,0.21,0.5,0,0.55,0.3
1235,0.46,0.35,0.53,0.16,0.5,0,0.51,0.29
1236,0.45,0.56,0.54,0.32,0.5,0,0.57,0.22
1237,0.71,0.56,0.39,0.27,0.5,0,0.52,0.22
1238,0.57,0.59,0.44,0.16,0.5,0,0.52,0.22
1239,0.36,0.46,0.43,0.19,0.5,0,0.48,0.22
1240,0.54,0.55,0.42,0.22,0.5,0,0.48,0.22
1241,0.81,0.82,0.41,0.36,0.5,0,0.39,0.22
1242,0.46,0.48,0.44,0.21,0.5,0,0.55,0.22
1243,0.74,0.72,0.47,0.25,0.5,0,0.57,0.22
1244,0.84,0.66,0.36,0.78,0.5,0,0.49,0.5
1245,0.62,0.58,0.52,0.15,0.5,0,0.52,0.29
1246,0.56,0.59,0.53,0.16,0.5,0,0.24,0.42
1247,0.44,0.44,0.49,0.15,0.5,0,0.46,0.27
1248,0.35,0.68,0.57,0.4,0.5,0,0.53,0.36
1249,0.32,0.38,0.52,0.2,0.5,0,0.52,0.28
1250,0.45,0.56,0.49,0.17,0.5,0,0.52,0.22
1251,0.56,0.54,0.59,0.14,0.5,0,0.52,0.27
1252,0.43,0.51,0.54,0.15,0.5,0,0.45,0.26
1253,0.6,0.4,0.59,0.18,0.5,0,0.48,0.22
1254,0.38,0.47,0.53,0.12,0.5,0,0.48,0.22
1255,0.34,0.66,0.51,0.16,0.5,0,0.47,0.33
1256,0.6,0.48,0.44,0.52,0.5,0,0.54,0.63
1257,0.48,0.34,0.47,0.14,0.5,0,0.47,0.26
1258,0.48,0.46,0.38,0.29,0.5,0,0.53,0.22
1259,0.51,0.48,0.58,0.22,0.5,0,0.5,0.28
1260,0.29,0.68,0.47,0.26,0.5,0,0.47,0.37
1261,0.43,0.39,0.51,0.28,0.5,0,0.4,0.22
1262,0.61,0.54,0.49,0.16,0.5,0,0.54,0.42
1263,0.34,0.35,0.61,0.19,0.5,0,0.52,0.25
1264,0.37,0.62,0.34,0.25,0.5,0,0.51,0.22
1265,0.34,0.34,0.61,0.18,0.5,0,0.52,0.32
1266,0.34,0.4,0.3,0.23,0.5,0,0.51,0.22
1267,0.45,0.57,0.3,0.17,0.5,0,0.51,0.22
1268,0.5,0.53,0.45,0.44,0.5,0,0.49,0.22
1269,0.67,0.51,0.53,0.28,0.5,0,0.51,0.22
1270,0.59,0.57,0.46,0.14,0.5,0,0.52,0.22
1271,0.42,0.32,0.61,0.13,0.5,0,0.14,0.27
1272,0.4,0.51,0.42,0.13,0.5,0,0.45,0.25
1273,0.65,0.61,0.39,0.3,0.5,0,0.57,0.28
1274,0.85,0.56,0.33,0.38,1,0,0.55,0.25
1275,0.53,0.5,0.54,0.56,0.5,0,0.49,0.41
1276,0.36,0.35,0.47,0.22,0.5,0,0.44,0.31
1277,0.87,0.83,0.57,0.36,0.5,0,0.36,0.22
1278,0.43,0.45,0.54,0.14,0.5,0,0.5,0.31
1279,0.77,0.6,0.42,0.33,0.5,0,0.57,0.22
1280,0.58,0.76,0.4,0.37,0.5,0,0.54,0.3
1281,0.94,0.6,0.33,0.49,0.5,0,0.54,0.22
1282,0.43,0.38,0.51,0.24,0.5,0,0.46,0.33
1283,0.54,0.54,0.49,0.14,0.5,0,0.56,0.22
1284,0.53,0.44,0.47,0.22,0.5,0,0.53,0.22
1285,0.46,0.47,0.46,0.16,0.5,0,0.51,0.22
1286,0.62,0.64,0.56,0.2,0.5,0,0.48,0.33
1287,0.46,0.32,0.58,0.17,0.5,0,0.61,0.25
1288,0.49,0.62,0.65,0.18,0.5,0,0.46,0.43
1289,0.5,0.62,0.54,0.66,0.5,0,0.49,0.22
1290,0.26,0.38,0.52,0.36,0.5,0,0.48,0.56
1291,0.45,0.48,0.63,0.67,0.5,0,0.48,0.22
1292,0.5,0.49,0.59,0.47,0.5,0,0.49,0.36
1293,0.43,0.39,0.59,0.13,0.5,0,0.41,0.43
1294,0.6,0.59,0.45,0.23,0.5,0,0.55,0.22
1295,0.46,0.55,0.61,0.13,0.5,0,0.47,0.22
1296,0.89,0.52,0.41,0.26,0.5,0,0.52,0.31
1297,0.4,0.68,0.5,0.82,0.5,0,0.44,0.36
1298,0.51,0.42,0.56,0.38,0.5,0,0.46,0.22
1299,0.6,0.51,0.6,0.38,0.5,0.83,0.52,0.24
1300,0.56,0.5,0.61,0.49,0.5,0,0.46,0.28
1301,0.36,0.38,0.56,0.44,0.5,0,0.48,0.22
1302,0.55,0.5,0.6,0.31,0.5,0,0.46,0.27
1303,0.65,0.53,0.55,0.52,0.5,0,0.47,0.27
1304,0.58,0.53,0.5,0.53,0.5,0,0.47,0.31
1305,0.4,0.74,0.49,0.16,0.5,0,0.51,0.22
1306,0.51,0.56,0.51,0.42,0.5,0,0.53,0.36
1307,0.52,0.38,0.62,0.12,0.5,0,0.41,0.28
1308,0.63,0.6,0.5,0.27,0.5,0,0.55,0.22
1309,0.61,0.59,0.47,0.49,0.5,0,0.54,0.22
1310,0.58,0.38,0.4,0.21,0.5,0,0.5,0.22
1311,0.53,0.41,0.5,0.24,1,0,0.47,0.22
1312,0.58,0.56,0.52,0.25,0.5,0,0.57,0.35
1313,0.49,0.6,0.55,0.17,0.5,0,0.44,0.22
1314,0.56,0.63,0.52,0.2,0.5,0,0.34,0.26
1315,0.37,0.41,0.45,0.14,0.5,0,0.47,0.22
1316,0.35,0.5,0.44,0.27,0.5,0,0.51,0.22
1317,0.44,0.34,0.61,0.13,0.5,0,0.49,0.26
1318,0.64,0.76,0.51,0.18,0.5,0,0.46,0.22
1319,0.7,0.51,0.47,0.24,0.5,0,0.53,0.25
1320,0.25,0.36,0.58,0.3,0.5,0,0.58,0.31
1321,0.41,0.49,0.58,0.22,0.5,0,0.52,0.22
1322,0.56,0.48,0.5,0.3,0.5,0,0.51,0.22
1323,0.56,0.68,0.52,0.39,0.5,0,0.36,0.22
1324,0.5,0.57,0.62,0.25,0.5,0,0.51,0.22
1325,0.41,0.48,0.54,0.24,0.5,0,0.37,0.51
1326,0.74,0.72,0.5,0.28,0.5,0,0.49,0.27
1327,0.31,0.3,0.34,0.19,0.5,0,0.55,0.3
1328,0.77,0.78,0.51,0.28,0.5,0,0.33,0.22
1329,0.49,0.6,0.3,0.34,0.5,0,0.5,0.43
1330,0.37,0.51,0.39,0.18,0.5,0,0.51,0.27
1331,0.27,0.49,0.36,0.26,0.5,0,0.49,0.26
1332,0.25,0.39,0.5,0.23,0.5,0,0.5,0.28
1333,0.38,0.26,0.6,0.1,0.5,0,0.48,0.44
1334,0.33,0.21,0.53,0.15,1,0,0.52,0.5
1335,0.49,0.45,0.57,0.24,0.5,0,0.47,0.38
1336,0.4,0.28,0.48,0.06,0.5,0,0.49,0.42
1337,0.45,0.45,0.52,0.17,0.5,0,0.54,0.22
1338,0.28,0.51,0.55,0.19,0.5,0,0.57,0.22
1339,0.45,0.27,0.5,0.33,0.5,0,0.53,0.26
1340,0.36,0.33,0.38,0.15,0.5,0,0.55,0.36
1341,0.46,0.43,0.5,0.24,0.5,0,0.48,0.31
1342,0.68,0.53,0.44,0.31,0.5,0,0.51,0.22
1343,0.39,0.16,0.59,0.08,0.5,0,0.51,0.27
1344,0.47,0.43,0.48,0.16,0.5,0,0.46,0.27
1345,0.52,0.5,0.51,0.2,0.5,0,0.51,0.22
1346,0.36,0.48,0.5,0.13,0.5,0,0.49,0.6
1347,0.31,0.39,0.55,0.28,0.5,0,0.46,0.31
1348,0.51,0.61,0.5,0.23,0.5,0,0.52,0.61
1349,0.4,0.6,0.5,0.16,0.5,0,0.51,0.22
1350,0.53,0.46,0.54,0.37,0.5,0,0.51,0.3
1351,0.45,0.66,0.39,0.11,0.5,0,0.54,0.22
1352,0.55,0.45,0.58,0.25,0.5,0,0.49,0.22
1353,0.45,0.52,0.5,0.12,0.5,0,0.6,0.22
1354,0.56,0.49,0.54,0.15,0.5,0,0.5,0.35
1355,0.38,0.44,0.55,0.44,0.5,0,0.47,0.51
1356,0.27,0.31,0.55,0.13,0.5,0,0.5,0.22
1357,0.5,0.56,0.63,0.25,0.5,0,0.42,0.22
1358,0.59,0.51,0.48,0.12,0.5,0,0.54,0.31
1359,0.61,0.48,0.56,0.19,0.5,0,0.53,0.31
1360,0.37,0.44,0.64,0.48,0.5,0,0.36,0.27
1361,0.63,0.64,0.45,0.26,0.5,0,0.43,0.22
1362,0.35,0.21,1,0.8,0.5,0,0.13,0.01
1363,0.56,0.35,0.47,0.41,0.5,0,0.5,0.22
1364,0.52,0.43,0.61,0.22,0.5,0,0.45,0.22
1365,0.52,0.43,0.61,0.22,0.5,0,0.45,0.22
1366,0.32,0.44,0.54,0.21,0.5,0,0.4,0.19
1367,0.48,0.41,0.52,0.33,0.5,0,0.51,0.26
1368,0.46,0.54,0.59,0.41,0.5,0,0.53,0.21
1369,0.38,0.5,0.52,0.44,0.5,0,0.54,0.11
1370,0.37,0.3,0.62,0.43,0.5,0,0.44,0.39
1371,0.77,0.86,0.44,0.27,0.5,0,0.48,0.22
1372,0.5,0.48,0.48,0.23,0.5,0,0.53,0.68
1373,0.52,0.54,0.47,0.49,0.5,0,0.54,0.22
1374,0.49,0.38,0.56,0.09,0.5,0,0.46,0.22
1375,0.41,0.49,0.47,0.09,0.5,0,0.49,0.22
1376,0.41,0.4,0.56,0.17,0.5,0,0.56,0.22
1377,0.39,0.71,0.38,0.14,0.5,0,0.5,0.22
1378,0.39,0.3,0.63,0.2,0.5,0,0.43,0.47
1379,0.77,0.82,0.4,0.36,0.5,0,0.38,0.22
1380,0.42,0.28,0.33,0.23,0.5,0,0.39,0.26
1381,0.47,0.37,0.46,0.28,0.5,0,0.52,0.99
1382,0.48,0.5,0.47,0.29,0.5,0,0.46,0.27
1383,0.49,0.49,0.52,0.18,0.5,0,0.51,0.25
1384,0.56,0.59,0.45,0.15,0.5,0,0.54,0.22
1385,0.7,0.57,0.34,0.19,0.5,0,0.53,0.27
1386,0.47,0.44,0.53,0.18,0.5,0,0.47,0.29
1387,0.42,0.28,0.49,0.22,0.5,0,0.55,0.34
1388,0.47,0.5,0.47,0.22,0.5,0,0.53,0.45
1389,0.33,0.47,0.55,0.24,0.5,0,0.45,0.67
1390,0.55,0.4,0.62,0.22,0.5,0,0.37,0.28
1391,0.54,0.47,0.58,0.4,0.5,0,0.46,0.27
1392,0.46,0.5,0.5,0.28,0.5,0,0.5,0.37
1393,0.38,0.58,0.46,0.21,0.5,0,0.52,0.22
1394,0.55,0.47,0.53,0.2,0.5,0,0.4,0.22
1395,0.47,0.32,0.51,0.24,0.5,0,0.54,0.27
1396,0.61,0.5,0.61,0.21,0.5,0,0.55,0.54
1397,0.52,0.56,0.55,0.16,0.5,0,0.53,0.39
1398,0.41,0.42,0.23,0.16,0.5,0,0.4,0.22
1399,0.4,0.65,0.38,0.17,0.5,0,0.57,0.22
1400,0.36,0.37,0.63,0.25,0.5,0,0.3,0.22
1401,0.49,0.55,0.41,0.19,0.5,0,0.48,0.31
1402,0.88,0.72,0.32,0.3,0.5,0,0.52,0.33
1403,0.28,0.18,0.72,0.26,0.5,0,0.49,0.25
1404,0.58,0.43,0.32,0.11,0.5,0,0.49,0.22
1405,0.75,0.76,0.58,0.22,0.5,0,0.49,0.22
1406,0.51,0.59,0.55,0.21,0.5,0,0.52,0.22
1407,0.5,0.49,0.46,0.22,0.5,0,0.53,0.25
1408,0.62,0.42,0.47,0.16,0.5,0,0.52,0.22
1409,0.5,0.45,0.52,0.18,0.5,0,0.52,0.22
1410,0.59,0.51,0.47,0.21,0.5,0,0.47,0.22
1411,0.49,0.48,0.52,0.24,0.5,0,0.5,0.22
1412,0.57,0.35,0.5,0.43,0.5,0,0.53,0.22
1413,0.49,0.51,0.52,0.13,0.5,0,0.51,0.33
1414,0.63,0.43,0.48,0.11,0.5,0,0.51,0.22
1415,0.63,0.43,0.48,0.11,0.5,0,0.51,0.22
1416,0.55,0.79,0.45,0.25,0.5,0,0.51,0.22
1417,0.31,0.31,0.57,0.15,0.5,0,0.5,0.22
1418,0.33,0.36,0.62,0.26,0.5,0,0.55,0.22
1419,0.47,0.56,0.58,0.19,0.5,0,0.44,0.64
1420,0.4,0.56,0.53,0.15,0.5,0,0.49,0.22
1421,0.44,0.49,0.49,0.27,0.5,0,0.52,0.22
1422,0.49,0.46,0.54,0.18,0.5,0,0.35,0.22
1423,0.59,0.48,0.41,0.53,0.5,0,0.48,0.56
1424,0.33,0.46,0.53,0.12,0.5,0,0.5,0.27
1425,0.5,0.5,0.48,0.34,0.5,0,0.52,0.27
1426,0.36,0.52,0.61,0.33,0.5,0,0.52,0.37
1427,0.52,0.51,0.48,0.12,0.5,0,0.54,0.31
1428,0.47,0.46,0.49,0.27,0.5,0,0.59,0.22
1429,0.55,0.44,0.5,0.09,0.5,0,0.55,0.22
1430,0.66,0.37,0.6,0.25,0.5,0,0.69,0.22
1431,0.51,0.49,0.48,0.55,0.5,0,0.52,0.58
1432,0.68,0.68,0.35,0.16,0.5,0,0.62,0.22
1433,0.57,0.54,0.32,0.15,0.5,0,0.52,0.25
1434,0.46,0.52,0.51,0.13,0.5,0,0.47,0.22
1435,0.53,0.52,0.49,0.27,0.5,0,0.51,0.22
1436,0.54,0.44,0.38,0.22,0.5,0,0.54,0.3
1437,0.8,0.82,0.4,0.31,0.5,0,0.57,0.25
1438,0.4,0.4,0.43,0.19,0.5,0.83,0.48,0.22
1439,0.77,0.7,0.37,0.12,0.5,0,0.49,0.26
1440,0.47,0.61,0.32,0.27,0.5,0,0.5,0.3
1441,0.55,0.35,0.36,0.29,0.5,0,0.51,0.22
1442,0.32,0.45,0.39,0.14,0.5,0,0.45,0.22
1443,0.63,0.65,0.42,0.18,0.5,0,0.54,0.27
1444,0.47,0.4,0.63,0.19,0.5,0,0.52,0.32
1445,0.38,0.44,0.57,0.14,0.5,0,0.53,0.52
1446,0.63,0.71,0.44,0.53,0.5,0,0.52,0.22
1447,0.51,0.59,0.46,0.13,0.5,0,0.48,0.22
1448,0.34,0.24,0.51,0.15,0.5,0,0.54,0.4
1449,0.38,0.4,0.39,0.19,0.5,0,0.46,0.62
1450,0.59,0.67,0.54,0.19,0.5,0,0.48,0.6
1451,0.38,0.4,0.66,0.35,0.5,0,0.43,0.11
1452,0.65,0.54,0.54,0.13,0.5,0,0.53,0.22
1453,0.48,0.42,0.52,0.24,0.5,0,0.56,0.22
1454,0.58,0.51,0.49,0.27,0.5,0,0.57,0.29
1455,0.63,0.57,0.59,0.4,0.5,0,0.38,0.22
1456,0.48,0.23,0.57,0.27,0.5,0,0.48,0.47
1457,0.59,0.6,0.49,0.43,0.5,0,0.53,0.31
1458,0.37,0.46,0.4,0.27,0.5,0,0.45,0.22
1459,0.42,0.31,0.62,0.12,0.5,0,0.4,0.22
1460,0.8,0.46,0.5,0.15,0.5,0,0.53,0.22
1461,0.35,0.39,0.57,0.11,0.5,0,0.48,0.22
1462,0.29,0.43,0.4,0.15,0.5,0,0.53,0.22
1463,0.4,0.34,0.52,0.17,0.5,0,0.47,0.51
1464,0.37,0.34,0.58,0.24,0.5,0,0.44,0.18
1465,0.37,0.22,0.64,0.35,0.5,0,0.47,0.22
1466,0.66,0.62,0.52,0.17,0.5,0,0.49,0.22
1467,0.3,0.5,0.34,0.26,0.5,0,0.51,0.22
1468,0.75,0.66,0.64,0.39,0.5,0,0.46,0.32
1469,0.31,0.42,0.48,0.17,0.5,0,0.49,0.53
1470,0.28,0.46,0.26,0.18,0.5,0,0.39,0.22
1471,0.45,0.53,0.47,0.43,0.5,0,0.5,0.27
1472,0.69,0.7,0.5,0.3,0.5,0,0.54,0.22
1473,0.61,0.46,0.54,0.11,0.5,0,0.47,0.22
1474,0.38,0.38,0.54,0.24,0.5,0,0.54,0.22
1475,0.41,0.49,0.65,0.28,0.5,0,0.59,0.57
1476,0.54,0.44,0.35,0.19,0.5,0,0.51,0.27
1477,0.64,0.31,0.53,0.15,0.5,0,0.53,0.31
1478,0.36,0.5,0.39,0.23,0.5,0,0.5,0.22
1479,0.54,0.43,0.48,0.27,0.5,0,0.44,0.41
1480,0.56,0.46,0.51,0.25,0.5,0,0.54,0.22
1481,0.4,0.43,0.49,0.17,0.5,0,0.51,0.36
1482,0.35,0.29,0.46,0.14,0.5,0,0.54,0.66
1483,0.67,0.57,0.36,0.19,0.5,0,0.56,0.22
