,f1,f2,f3,f4,f5,f6,f7,f8,o
0,0.42,0.587717063,0.48,0.54,0.5,0,0.48,0.22,MIT
1,0.5,0.54,0.48,0.65,0.5,0.622735592,0.330331792,0.22,MIT
2,0.4,0.42,0.57,0.35,0.5,0,0.53,0.25,CYT
3,0.51,0.51,0.52,0.51,0.589543512,0,0.54,0.22,MIT
4,0.53,0.54,0.43,0.145239039,0.5,0,0.57,0.32,NUC
5,0.51,0.51,0.43,0.191601081,0.5,0,0.52,0.22,MIT
6,0.74,0.67,0.47,0.34,0.5,0,0.42,0.22,EXC
7,0.4,0.45,0.215445739,0.18,0.905828906,0,0.56,0.26,CYT
8,0.37,0.165755795,0.638833388,0.18,0.5,0,0.48,0.26,VAC
9,0.74,0.856626728,0.58,0.593602278,0.5,0,0.515333026,0.35,ME2
10,0.53,0.723462961,0.51,0.33,0.5,0,0.55,0.22,CYT
11,0.54,0.48,0.44,0.933607696,0.5,0,0.52,0.27,CYT
12,0.6,0.47,0.45,0.876218471,0.5,0,0.51,0.29,CYT
13,0.81,0.852158662,0.47,0.539148102,0.5,0,0.56,0.22,EXC
14,0.5,0.58,0.46,0.46,0.5,0.150928139,0.46,0.22,MIT
15,0.51,0.54,0.6,0.57,0.5,0,0.58,0.22,MIT
16,0.67,0.62,0.545226293,0.43,0.5,0.83,0.5,0.22,MIT
17,0.42,0.47,0.52,0.41,0.5,0,0.53,0.32,CYT
18,0.36,0.58,0.35,0.24,0.5,0,0.44,0.22,ME3
19,0.36,0.43,0.39,0.12,0.585794739,0,0.49,0.706231931,ME3
20,0.65,0.65,0.52,0.16,0.5,0,0.338697616,0.22,CYT
21,0.47,0.47,0.982884398,0.48,0.5,0,0.119032953,0.22,MIT
22,0.35,0.52,0.48,0.22,0.5,0,0.26,0.352235498,MIT
23,0.54,0.55,0.34,0.31,0.5,0.26829118,0.54,0.22,ME3
24,0.4,0.38,0.53,0.16,0.5,0,0.52,0.27,NUC
25,0.5,0.64,0.57,0.15,0.5,0,0.47,0.22,CYT
26,0.39,0.58,0.5,0.040373249,0.5,0,0.54,0.59,ME3
27,0.39,0.47,0.56,0.16,0.5,0,0.47,0.24334646,CYT
28,0.58,0.48,0.51,0.47,0.5,0,0.55,0.22,NUC
29,0.43,0.57,0.53,0.16,0.5,0,0.09082142,0.22,CYT
30,0.26,0.36,0.47,0.34,0.5,0,0.53,0.72,NUC
31,0.36,0.68,0.46,0.16,0.5,0.320731528,0.53,0.28,NUC
32,0.42,0.31,0.5,0.15,0.607996328,0,0.596888693,0.78842766,NUC
33,0.67,0.71,0.52,0.65,0.5,0,0.53,0.36,NUC
34,0.26,0.5,0.828127639,0.28,0.718522172,0,0.51,0.22,ME3
35,0.31,0.44,0.53,0.23,0.5,0.275237319,0.159929317,0.693791643,NUC
36,0.478572628,0.68,0.44,0.45,0.5,0,0.095536137,0.22,MIT
37,0.48,0.64,0.60950972,0.23,0.647855396,0,0.6,0.22,CYT
38,0.32,0.42,0.52,0.24,0.5,0,0.6,0.22,CYT
39,0.42,0.58,0.41,0.669857324,0.5,0,0.725552624,0.26,MIT
40,0.59,0.61,0.34,0.22,0.5,0,0.51,0.805691281,MIT
41,0.52,0.77,0.38,0.34,0.5,0,0.51,0.22,MIT
42,0.5,0.52,0.702746436,0.51,0.5,0,0.48,0.22,MIT
43,0.77,0.79,0.58,0.23,0.5,0,0.48,0.714510757,EXC
44,0.82,0.75,0.54,0.23,0.5,0,0.46,0.941367491,EXC
45,0.4,0.56,0.48,0.14,0.5,0,0.47,0.22,MIT
46,0.42,0.57,0.72,0.766249977,0.5,0,0.57,0.22,MIT
47,0.853229132,0.53,0.52,0.682061884,0.5,0.83,0.51,0.22,POX
48,0.59,0.58,0.56,0.21,0.5,0,0.54,0.81181819,NUC
49,0.27,0.36,0.6,0.33,0.910963568,0,0.37,0.31,NUC
50,0.189556424,0.4,0.59,0.22,0.5,0,0.47,0.37,NUC
51,0.83,0.58,0.33,0.04,0.5,0,0.53,0.268209394,ME2
52,0.810625968,0.771930139,0.5,0.21,0.5,0,0.48,0.3,CYT
53,0.55,0.46,0.828817818,0.11,0.5,0,0.52,0.48,CYT
54,0.92,0.61,0.4,0.22,0.5,0,0.359094894,0.22,ME2
55,0.55,0.485530123,0.45,0.14,0.5,0,0.54,0.22,CYT
56,0.63,0.61,0.41,0.22,0.5,0,0.51,0.22,ME3
57,0.34,0.38,0.45,0.19,0.5,0,0.51,0.22,ME2
58,0.77,0.8,0.51,0.723844399,1,0.09264754,0.54,0.22,ERL
59,0.57,0.61,0.97116144,0.260423817,0.5,0,0.5,0.22,CYT
60,0.25,0.660124016,0.62043502,0.18,0.5,0,0.5,0.769788455,CYT
61,0.54,0.57,0.52,0.19,0.5,0.207245907,0.59,0.67,NUC
62,0.796160272,0.52,0.4,0.17,0.5,0,0.5,0.26,ME3
63,0.91,0.77,0.34,0.47,0.5,0,0.52,0.31,ME1
64,0.205049995,0.90129313,0.51,0.52,0.5,0.742559695,0.49,0.874595684,CYT
65,0.69,0.6,0.5,0.351210303,0.5,0,0.55,0.22,CYT
66,0.55,0.66,0.57,0.786719681,0.5,0,0.57,0.34,CYT
67,0.23,0.3,0.58,0.22,0.5,0,0.48,0.27,NUC
68,0.31,0.31,0.54,0.18,0.5,0,0.721145138,0.29,NUC
69,0.121425843,0.69,0.57,0.45,0.5,0,0.56,0.635923759,ME2
70,0.59,0.43,0.52,0.19,0.5,0,0.55,0.27,CYT
71,0.146056319,0.31,0.538724403,0.13,0.5,0,0.52,0.22,ME3
72,0.58,0.48,0.56,0.53353307,0.5,0,0.46,0.25,NUC
73,0.58,0.83292698,0.56,0.12,0.992856161,0,0.46,0.25,NUC
74,0.58,0.45,0.48,0.24,0.5,0,0.52,0.37,CYT
75,0.41,0.6,0.53,0.29,0.5,0,0.47,0.43,NUC
76,0.69,0.5,0.49,0.42,0.5,0,0.49,0.22,MIT
77,0.21,0.288139336,0.49,0.16,0.5,0,0.222481024,0.45,CYT
78,0.46,0.57,0.57,0.15,0.5,0.214318019,0.52,0.393373522,NUC
79,0.57,0.59,0.5,0.58,0.5,0.49953938,0.53,0.22,MIT
80,0.928112508,0.42,0.62,0.14,0.5,0,0.55,0.394077804,NUC
81,0.39,0.39,0.237670136,0.52,0.5,0,0.37,0.093233663,NUC
82,0.51,0.48,0.58,0.495154906,0.5,0,0.5,0.28,NUC
83,0.53,0.53,0.53,0.17,0.5,0,0.49,0.751266477,NUC
84,0.178013518,0.34,0.388888452,0.17,0.5,0,0.52,0.32,NUC
85,0.41,0.43,0.5,0.28,0.5,0,0.5,0.22,CYT
86,0.49,0.4,0.27629127,0.26,0.5,0,0.5,0.22,ME3
87,0.52,0.5,0.53,0.1,0.5,0,0.48,0.22,POX
88,0.53,0.56,0.49,0.46,0.5,0,0.52,0.22,MIT
89,0.51,0.52,0.38282106,0.5,0.5,0,0.51,0.22,MIT
90,0.45,0.7799025,0.53,0.197886427,0.5,0,0.47,0.25,MIT
91,0.47,0.823217076,0.66,0.45,0.5,0,0.37,0.11,MIT
92,0.56,0.45,0.59,0.14,0.560126247,0,0.51,0.26,NUC
93,0.5,0.930364369,0.42,0.32,0.5,0,0.56,0.55,ME3
94,0.81,0.76,0.32,0.37,0.5,0,0.51,0.22,ME2
95,0.42,0.25,0.6,0.25850033,0.5,0.535317725,0.45,0.22,CYT
96,0.67,0.63,0.571680895,0.41,0.5,0,0.6,0.223747714,ME1
97,0.241101309,0.49,0.48,0.16,0.5,0.456605308,0.51,0.22,NUC
98,0.43,0.32,0.56,0.27,0.920214603,0.202317383,0.47,0.27,NUC
99,0.84,0.87,0.45,0.54,0.5,0.157449641,0.28,0.869540187,ME1
100,0.89,0.82,0.6,0.49,0.5,0,0.55,0.133169886,ME2
101,0.37,0.55,0.29,0.32,0.5,0,0.51,0.22,ME3
102,0.52,0.48,0.54,0.28,0.5,0,0.54,0.22,NUC
103,0.52,0.156675506,0.54,0.19,0.5,0,0.445229861,0.22,MIT
104,0.46,0.4,0.38,0.18,0.5,0,0.49,0.22,ME3
105,0.5,0.45,0.48,0.17,0.5,0,0.678805702,0.527104245,CYT
106,0.39,0.37,0.468538472,0.23,0.5,0,0.52,0.26,ME3
107,0.41,0.41,0.51,0.19,0.5,0,0.57,0.22,MIT
108,0.5,0.49,0.52,0.2,0.5,0.612313165,0.43,0.52,NUC
109,0.32,0.47,0.55,0.65289193,0.5,0.023361938,0.49,0.22,MIT
110,0.454825201,0.48,0.46,0.63,0.563151463,0,0.52,0.22,MIT
111,0.34,0.54,0.951483356,0.800839292,0.5,0,0.52,0.22,CYT
112,0.43,0.83,0.55,0.2,0.5,0,0.47,0.4,NUC
113,0.36,0.4,0.53,0.48,0.5,0,0.48,0.22,MIT
114,0.57,0.4,0.62,0.3,0.892834094,0,0.48,0.11,MIT
115,0.42,0.53,0.53,0.64,0.5,0,0.47,0.22,MIT
116,0.41,0.52,0.430781927,0.41,0.5,0,0.39,0.306497719,MIT
117,0.58,0.52,0.61,0.33,0.5,0,0.38,0.11,MIT
118,0.64,0.64,0.56,0.21,0.5,0,0.5,0.22,MIT
119,0.53,0.52,0.61,0.35,0.5,0,0.5,0.22,MIT
120,0.181938351,0.59,0.47,0.64,0.5,0,0.54,0.33,MIT
121,0.54,0.64,0.5,0.13,0.520088494,0,0.49,0.22,MIT
122,0.76,0.76,0.35,0.27,0.5,0,0.686575537,0.22,ME1
123,0.49,0.44,0.45,0.475379414,0.5,0.490471201,0.48,0.22,MIT
124,0.63,0.47,0.56,0.289182283,0.5,0.160278174,0.5,0.22,MIT
125,0.325656933,0.65,0.53,0.19,0.5,0,0.49,0.22,EXC
126,0.42,0.28,0.57,0.18,0.5,0,0.42,0.22,NUC
127,0.837317274,0.41,0.58,0.48,0.5,0,0.53,0.64,NUC
128,0.9,0.54,0.59,0.2,0.790883317,0,0.48,0.22,NUC
129,0.88,0.59,0.54,0.39,0.5,0.819126384,0.41,0.3,NUC
130,0.69,0.62,0.49,0.878587793,1,0,0.47,0.22,NUC
131,0.43,0.282996063,0.714947249,0.12,0.5,0.039242386,0.5,0.722512635,ME2
132,0.39,0.42,0.49,0.1,0.5,0.203290053,0.49,0.65,NUC
133,0.39,0.723365864,0.54,0.14,0.5,0,0.465274424,0.22,MIT
134,0.49,0.27,0.57,0.18,0.5,0.83,0.54,0.960444595,POX
135,0.64,0.316213372,0.5,0.26,0.5,0,0.51,0.31,NUC
136,0.6,0.54,0.54,0.53,0.653726528,0,0.52,0.27,MIT
137,0.49,0.45,0.755873146,0.16,0.5,0,0.49,0.31,CYT
138,0.52,0.46,0.51,0.18,0.5,0,0.5,0.22,CYT
139,0.55,0.59,0.52,0.1,0.5,0,0.53,0.22,CYT
140,0.33,0.38,0.45,0.19,0.5,0,0.54,0.249773567,NUC
141,0.322317201,0.48,0.38,0.13,0.5,0,0.51,0.35,ME3
142,0.51,0.591442454,0.49,0.21,0.5,0,0.181004882,0.22,VAC
143,0.4,0.36,0.55,0.055727903,0.5,0,0.53,0.22,VAC
144,0.59,0.153862227,0.47,0.479501456,0.5,0,0.44,0.3,MIT
145,0.62,0.43,0.49,0.29,0.5,0,0.536629989,0.27,CYT
146,0.48,0.42,0.48,0.19,0.5,0.287568942,0.58,0.22,CYT
147,0.47,0.61,0.98890994,0.23,0.5,0,0.49,0.22,ME3
148,0.27,0.56,0.282035708,0.14,0.952137944,0.339806601,0.52,0.39,ME3
149,0.38,0.48,0.51,0.13,0.754807758,0.828774193,0.5,0.32,NUC
150,0.49,0.758454568,0.54,0.13,0.5,0,0.58,0.22,NUC
151,0.63,0.55,0.53,0.51,0.5,0.658614936,0.55,0.22,VAC
152,0.56,0.48,0.5,0.17,0.5,0,0.567658985,0.26,CYT
153,0.62,0.412444968,0.52,0.17,0.5,0,0.48,0.22,NUC
154,0.35,0.697155277,0.537396573,0.718354034,0.5,0,0.060096486,0.22,CYT
155,0.6,0.694839705,0.782211212,0.47,0.5,0,0.53,0.22,MIT
156,0.33,0.28,0.974491009,0.4,0.803084367,0.756660161,0.46,0.536594073,NUC
157,0.45,0.715643054,0.82713457,0.849347125,0.746042677,0,0.49,0.25,NUC
158,0.731926859,0.52,0.56,0.982091332,0.5,0,0.48,0.32,NUC
159,0.59,0.47,0.51,0.53,0.5,0,0.53,0.26,CYT
160,0.231110177,0.55,0.52,0.16,0.876028419,0,0.49,0.23986249,NUC
161,0.207983634,0.44,0.51,0.35,0.756828716,0,0.53,0.22,CYT
162,0.45,0.897163248,0.5,0.240646813,0.5,0.07550909,0.47,0.22,MIT
163,0.5,0.36,0.383338382,0.913639269,0.5,0.033196361,0.536222931,0.33,NUC
164,0.459352499,0.44,0.734370117,0.19,0.5,0,0.590079766,0.33,NUC
165,0.61,0.38,0.57,0.36,0.5,0,0.44,0.21,CYT
166,0.35,0.41,0.53,0.27,0.992476266,0.359416641,0.47,0.29,NUC
167,0.4,0.3,0.57,0.13,0.5,0.796185472,0.208939739,0.22,NUC
168,0.44,0.5,0.55,0.24,0.5,0,0.48,0.22,NUC
169,0.37,0.45,0.53,0.14,0.877344437,0,0.49,0.22,NUC
170,0.37,0.3,0.51,0.15,0.5,0,0.58,0.26,NUC
171,0.57,0.43,0.52,0.3,0.769731574,0.381029844,0.37,0.11,CYT
172,0.44,0.56,0.52,0.18,0.581594394,0,0.5,0.857562435,CYT
173,0.36,0.56,0.52,0.18,0.5,0,0.45,0.16,CYT
174,0.635506972,0.37,0.63,0.38,0.5,0,0.4,0.14,CYT
175,0.44,0.36,0.64,0.45,0.5,0,0.158176654,0.11,CYT
176,0.34,0.694236714,0.65,0.4,0.590913379,0,0.32,0.835972424,CYT
177,0.54,0.44,0.55,0.48,0.517089196,0,0.47,0.22,CYT
178,0.69,0.94990616,0.55,0.23,0.5,0,0.73,0.22,CYT
179,0.46,0.39,0.863271229,0.22,0.5,0,0.48,0.25,CYT
180,0.46,0.39,0.572607012,0.22,0.555346705,0,0.388945832,0.25,CYT
181,0.42,0.5,0.64,0.13,0.5,0,0.49,0.931407505,CYT
182,0.38,0.5,0.52,0.44,0.5,0,0.54,0.11,CYT
183,0.51,0.52,0.58,0.17,0.535067873,0,0.47,0.28,CYT
184,0.6,0.794920571,0.553511975,0.14,0.809272958,0.60986875,0.46,0.48,NUC
185,0.56,0.644116215,0.49,0.56,0.5,0,0.49,0.470708902,MIT
186,0.54,0.64,0.4,0.109545373,0.5,0,0.51,0.22,MIT
187,0.534692011,0.51,0.49,0.18,0.5,0,0.53,0.499526864,CYT
188,0.34,0.46,0.52,0.561422183,0.5,0,0.53,0.26,CYT
189,0.637954922,0.71,0.5,0.21,0.5,0,0.54,0.27,CYT
190,0.56,0.49,0.668246165,0.22,0.820208428,0,0.5,0.351134983,ME2
191,0.44,0.51,0.53,0.3,0.5,0,0.53,0.22,CYT
192,0.52,0.55,0.39,0.09,1,0,0.55,0.25,ME3
193,0.85,0.69,0.34,0.31,0.5,0,0.57,0.3,ME1
194,0.47,0.56,0.779874312,0.473518629,0.987263148,0,0.53,0.22,MIT
195,0.794281238,0.41,0.53,0.165470424,0.5,0,0.49,0.31,NUC
196,0.56,0.55,0.57,0.15,0.5,0,0.54,0.25,CYT
197,0.37,0.47,0.49,0.12,0.5,0,0.47,0.31,NUC
198,0.32,0.6,0.48,0.13,0.5,0,0.53,0.22,NUC
199,0.615247885,0.394018914,0.58,0.18,0.5,0,0.38,0.69,NUC
200,0.54,0.5,0.415617693,0.26,0.5,0,0.52,0.309517336,CYT
201,0.6,0.64,0.56,0.36,0.5,0.195309195,0.46,0.27,CYT
202,0.27,0.41,0.940760117,0.2,0.5,0,0.49,0.22,ME3
203,0.78049376,0.35,0.22,0.18,0.5,0,0.46,0.22,ME3
204,0.39,0.45,0.51,0.29,0.5,0,0.54,0.22,CYT
205,0.44666542,0.43,0.57,0.6,0.863753046,0,0.19,0.33,NUC
206,0.51,0.5,0.54,0.81266535,0.5,0,0.6,0.22,NUC
207,0.5,0.45,0.51,0.19,0.959311955,0.413657612,0.53,0.054508778,CYT
208,0.44,0.43,0.46,0.28,0.5,0,0.125480506,0.474498204,NUC
209,0.32,0.68,0.51,0.16,0.5,0.83,0.55,0.22,POX
210,0.73,0.52,0.59,0.25,0.5,0,0.51,0.389094907,NUC
211,0.49,0.6,0.54,0.05276838,0.5,0,0.176828744,0.46,NUC
212,0.49,0.6,0.824975982,0.18,0.5,0,0.58,0.28,NUC
213,0.53,0.48,0.51,0.18,0.5,0,0.51,0.27,CYT
214,0.49,0.31,0.884593924,0.24,0.730887996,0,0.54,0.22,ME3
215,0.444861159,0.41,0.43,0.18,0.5,0,0.54,0.22,ME3
216,0.32,0.36,0.28,0.38,0.5,0.016022877,0.227648693,0.4,ME3
217,0.45,0.57,0.52,0.21,0.5,0.775694879,0.068353569,0.38,NUC
218,0.954004899,0.39,0.65,0.16,0.757223583,0.262708802,0.45,0.22,CYT
219,0.41,0.35,0.6,0.22,0.683006893,0,0.56,0.79,CYT
220,0.41,0.39,0.61,0.17,0.5,0,0.5,0.61,NUC
221,0.54,0.67,0.56,0.15,0.5,0,0.57,0.33,NUC
222,0.41,0.59,0.65,0.14,0.5,0,0.49,0.155620881,NUC
223,0.47,0.38,0.5,0.15,0.5,0,0.49,0.47,NUC
224,0.42,0.5,0.59,0.17,0.5,0,0.51,0.22,CYT
225,0.55,0.69,0.51,0.12,0.5,0,0.51,0.22,CYT
226,0.47,0.46,0.53,0.12,0.535144656,0.500980381,0.51,0.25,NUC
227,0.57,0.29,0.63,0.22,0.5,0,0.49,0.27,NUC
228,0.41,0.42,0.53,0.17,0.5,0,0.283200176,0.58,NUC
229,0.42,0.45,0.366184097,0.21,0.5,0,0.48,0.22,CYT
230,0.63,0.54,0.53,0.27,0.5,0,0.49,0.22,CYT
231,0.4,0.44,0.5,0.13,0.5,0,0.709025634,0.39,CYT
232,0.427791556,0.39,0.39,0.47,0.5,0,0.146015805,0.83,ME3
233,0.57,0.36,0.647702336,0.25,0.5,0,0.54,0.25,CYT
234,0.406232168,0.76,0.51,0.25,0.5,0,0.59,0.22,CYT
235,0.849583383,0.64,0.44,0.26,0.5,0,0.460573489,0.22,CYT
236,0.53,0.759891281,0.693969568,0.19,0.5,0,0.47,0.440528107,CYT
237,0.59,0.46,0.55,0.17,0.5,0,0.52,0.25,CYT
238,0.46,0.47,0.62,0.3,0.5,0,0.38,0.22,CYT
239,0.59,0.7,0.46,0.19,0.5,0,0.649786989,0.44,CYT
240,0.53,0.44,0.54,0.52,0.5,0,0.724348598,0.062806797,NUC
241,0.4,0.28,0.58,0.44,0.5,0,0.41,0.22,CYT
242,0.44,0.35,0.96709673,0.14,0.5,0,0.52,0.22,VAC
243,0.48,0.49,0.49,0.26,0.5,0,0.39,0.27,VAC
244,0.65,0.63,0.47,0.22,0.5,0.742160932,0.52,0.27,CYT
245,0.49,0.271616382,0.36,0.511997759,0.5,0,0.52,0.27,ME3
246,0.71,0.79,0.963396878,0.38,0.5,0,0.54,0.22,ME1
247,0.52995588,0.3,0.37,0.084770581,0.660035369,0,0.53,0.25,ME3
248,0.4,0.150557212,0.47,0.25,0.5,0,0.197978866,0.56,NUC
249,0.29,0.39,0.46,0.36,0.5,0,0.51,0.22,NUC
250,0.43,0.6,0.539517773,0.12,0.5,0.372974095,0.49,0.29,ME3
251,0.65,0.920508469,0.26,0.33,0.5,0,0.55,0.22,ME3
252,0.3,0.68,0.41,0.17,0.5,0,0.51,0.22,ME3
253,0.835074887,0.57,0.39,0.19,0.5,0,0.48,0.39,ME2
254,0.51,0.38,0.42,0.21,0.5,0.758956988,0.46,0.34,ME3
255,0.54,0.54,0.56,0.732627176,0.5,0,0.46,0.29,NUC
256,0.71,0.389661796,0.42,0.28,0.988078203,0,0.550146505,0.22,EXC
257,0.851020547,0.44,0.45,0.32,0.5,0,0.52,0.832471168,NUC
258,0.48,0.58,0.47,0.17,0.5,0,0.53,2.58E-04,CYT
259,0.38,0.37,0.36,0.14,0.5,0,0.54,0.22,ME3
260,0.4,0.4,0.44,0.37,0.5,0,0.53,0.25,NUC
261,0.8,0.79,0.43,0.25,0.5,0,0.52,0.22,EXC
262,0.49,0.56,0.37,0.2,0.5,0,0.53,0.22,ME3
263,0.49,0.249090976,0.35,0.23,0.5,0,0.57,0.22,ME3
264,0.47,0.5,0.6,0.63,0.5,0,0.38,0.16,CYT
265,0.58,0.470782735,0.7913461,0.16,0.5,0,0.47,0.28,MIT
266,0.327682313,0.85,0.952914514,0.31,0.5,0,0.696599824,0.42,ME1
267,0.581374882,0.25,0.59,0.44,0.5,0,0.6,0.69,NUC
268,0.57,0.59,0.49,0.86,0.5,0,0.47,0.22,NUC
269,0.5,0.61,0.44,0.2,0.5,0,0.49,0.313347571,MIT
270,0.592289506,0.45,0.46,0.23,0.5,0,0.5,0.211391036,CYT
271,0.32,0.29,0.661172594,0.08,0.5,0,0.354924804,0.22,ME3
272,0.38,0.202681966,0.57,0.3,0.650288615,0,0.41,0.11,CYT
273,0.71,0.5,0.5,0.18,0.5,0.721806322,0.46,0.22,CYT
274,0.38,0.32,0.64,0.41,0.675563711,0,0.284235143,0.11,CYT
275,0.524374895,0.43,0.991265746,0.4,0.5,0,0.48,0.47,NUC
276,0.657280615,0.45,0.53,0.567226828,0.5,0,0.59,0.27,CYT
277,0.8,0.88,0.36,0.39,0.5,0.135681076,0.56,0.33,ME1
278,0.56,0.48,0.58,0.27,0.5,0.625076565,0.724144732,0.22,CYT
279,0.41,0.39,0.44,0.34,0.5,0,0.48,0.4,NUC
280,0.579482578,0.193594554,0.836257702,0.18,0.5,0.306273904,0.54,0.22,CYT
281,0.41,0.52,0.41,0.11,0.562703246,0,0.54,0.35,CYT
282,0.43,0.42,0.54,0.22,0.5,0,0.57,0.33,NUC
283,0.54,0.956197765,0.54,0.2,0.5,0,0.55,0.25,NUC
284,0.36,0.958410232,0.51,0.17,0.556609428,0,0.6,0.19,NUC
285,0.353142956,0.48,0.55,0.16,0.5,0,0.53,0.75,NUC
286,0.55,0.51,0.54,0.2,0.5,0,0.56,0.22,CYT
287,0.42,0.610501298,0.58,0.706204332,0.5,0,0.5,0.22,MIT
288,0.42,0.28,0.51,0.23,0.5,0,0.53,0.237114897,NUC
289,0.47,0.47,0.54,0.19,0.841536607,0,0.51,0.33,NUC
290,0.6,0.48,0.46,0.32,0.90204915,0.382664057,0.4,0.33,CYT
291,0.47,0.53,0.48,0.51,0.5,0,0.095654672,0.001367674,MIT
292,0.61,0.53,0.59,0.68216298,0.5,0,0.44,0.28,CYT
293,0.66,0.6,0.52,0.19,0.5,0,0.69,0.22,CYT
294,0.57,0.48,0.54,0.707263146,0.5,0,0.5,0.11,CYT
295,0.85,0.66,0.49,0.18,0.5,0,0.51,0.557720286,ME1
296,0.3,0.33,0.55,0.338337852,0.5,0,0.53,0.38,CYT
297,0.43,0.67,0.48,0.27,0.5,0,0.199629795,0.22,MIT
298,0.51,0.4,0.56,0.17,0.693777126,0.5,0.49,0.22,CYT
299,0.973518056,0.39,0.6,0.935539415,0.5,0,0.58,0.3,CYT
300,0.42,0.37,0.59,0.2,0.5,0,0.52,0.29,NUC
301,0.46,0.539125228,0.52,0.11,0.5,0,0.5,0.22,CYT
302,0.47,0.39,0.5,0.11,0.5,0,0.49,0.4,CYT
303,0.58,0.292396042,0.54,0.11,0.5,0,0.51,0.26,NUC
304,0.45,0.4,0.5,0.16,0.5,0,0.5,0.22,CYT
305,0.59,0.53,0.43,0.44,0.5,0.034816674,0.505045801,0.22,MIT
306,0.57,0.53,0.53,0.34,0.5,0,0.53,0.22,MIT
307,0.901541524,0.59,0.56,0.180834424,0.525233577,0,0.46,0.869247858,CYT
308,0.38,0.49,0.53,0.19,0.5,0.442319401,0.5,0.22,CYT
309,0.525474459,0.58,0.48,0.67,0.5,0.052658867,0.52,0.22,MIT
310,0.37,0.32,0.47,0.773198692,0.5,0,0.26397592,0.25,NUC
311,0.6,0.5,0.44,0.61,0.5,0,0.47,0.22,MIT
312,0.33,0.43,0.64,0.16,0.5,0,0.52,0.52,NUC
313,0.49,0.61,0.49,0.25,0.5,0,0.5,0.28,CYT
314,0.47,0.52,0.5,0.4,0.5,0,0.41,0.22,CYT
315,0.47,0.39,0.55,0.24,0.5,0,0.47,0.22,CYT
316,0.44,0.59,0.36,0.16,0.5,0.284914258,0.370921444,0.22,ME3
317,0.45,0.45,0.5,0.899806094,0.5,0,0.49,0.22,MIT
318,0.47,0.41,0.66,0.831769944,0.5,0,0.53,0.22,MIT
319,0.663072979,0.51,0.55,0.05,0.5,0,0.577028825,0.25,NUC
320,0.29,0.188027105,0.58,0.15,0.5,0.738081361,0.583170564,0.3,CYT
321,0.54,0.49,0.49,0.625060775,0.5,0,0.434520186,0.22,CYT
322,0.42,0.724638945,0.5,0.12,0.5,0,0.52,0.46,NUC
323,0.57,0.51,0.53,0.18,0.5,0.179047601,0.56,0.25,NUC
324,0.49,0.31,0.49,0.35,0.5,0,0.51,0.29,NUC
325,0.37,0.58,0.44,0.51,0.577116019,0.606037814,0.44,0.22,MIT
326,0.35,0.66,0.45978831,0.21,0.5,0,0.54,0.25,CYT
327,0.52,0.4,0.6,0.12,0.5,0.434008081,0.55,0.22,CYT
328,0.169102791,0.41,0.59,0.028311738,0.5,0,0.4,0.75942081,CYT
329,0.58,0.56,0.45,0.12,0.5,0,0.076013802,0.22,NUC
330,0.187351581,0.778314239,0.54,0.52,0.876623974,0,0.5,0.056324838,NUC
331,0.38,0.51,0.657739523,0.17,0.5,0.552794606,0.55,0.22,CYT
332,0.44,0.68,0.45,0.51,0.5,0,0.52,0.41,MIT
333,0.55,0.42,0.34,0.3,0.5,0,0.405242025,0.217690769,ME3
334,0.36,0.68,0.38,0.08,0.5,0,0.53,0.25,VAC
335,0.43,0.39,0.54,0.14,0.5,0,0.47,0.22,NUC
336,0.54,0.42,0.41,0.16,0.5,0,0.52,0.22,ME2
337,0.37,0.146855157,0.46,0.713345457,0.5,0,0.47,0.22,NUC
338,0.58,0.6,0.503140805,0.12,0.5,0,0.55,0.22,ME3
339,0.54,0.65,0.23533709,0.34,0.5,0,0.52,0.22,CYT
340,0.58,0.53,0.38,0.18,0.5,0.653681973,0.52,0.22,ME3
341,0.35,0.219329783,0.47,0.13,0.5,0,0.52,0.43,NUC
342,0.35,0.46,0.49,0.15,1,0,0.55,0.35,CYT
343,0.63,0.62,0.42,0.12,0.5,0,0.52,0.25,CYT
344,0.71,0.59,0.53,0.15,0.5,0,0.049427297,0.33,CYT
345,0.46,0.35,0.33,0.17,0.5,0,0.55,0.204133819,ME3
346,0.35,0.56,0.712676264,0.3,0.5,0,0.53,0.384524525,ME3
347,0.51,0.58,0.54,0.01211811,0.5,0,0.53,0.22,CYT
348,0.44,0.51,0.37,0.15,0.5,0.008399675,0.51,0.22,ME3
349,0.42,0.39,0.47,0.13,0.5,0,0.5,0.27,CYT
350,0.17,0.38,0.45,0.09,0.506798767,0,0.54,0.27,NUC
351,0.896423137,0.39,0.422095781,0.18,0.5,0,0.51,0.22,CYT
352,0.74,0.53,0.5,0.360312765,0.990230094,0,0.55,0.682907917,CYT
353,0.69,0.48,0.927510287,0.15,0.5,0,0.55,0.22,ME2
354,0.3,0.5,0.47,0.11,0.5,0,1.08E-04,0.22,CYT
355,0.4,0.48,0.5,0.060881938,0.711796248,0,0.54,0.5,CYT
356,0.47,0.49,0.63,0.17,0.5,0,0.31,0.26,NUC
357,0.53,0.43,0.47,0.257692741,0.701025302,0,0.58,0.22,CYT
358,0.46,0.45,0.56,0.16,0.5,0,0.607533367,0.22,CYT
359,0.5,0.173284923,0.857747417,0.15,0.57079318,0,0.172223692,0.43,NUC
360,0.33,0.28,0.31,0.9298626,0.5,0,0.53,0.22,ME3
361,0.61,0.54,0.49,0.19,0.5,0,0.54,0.187693008,CYT
362,0.51,0.68,0.49,0.002532712,0.5,0,0.689760995,0.27,MIT
363,0.55,0.49,0.5,0.46,0.5,0,0.52,0.25,MIT
364,0.79997323,0.259731212,0.52,0.16,0.5,0,0.153721698,0.26,CYT
365,0.35,0.49,0.47,0.22,0.5,0,0.5,0.28,MIT
366,0.43,0.51,0.6,0.25,0.5,0,0.55,0.365341875,CYT
367,0.68,0.5,0.43,0.27,0.5,0,0.61,0.22,ME2
368,0.848920382,0.53,0.47,0.418847031,0.5,0,0.53,0.536757023,NUC
369,0.54,0.51,0.75465771,0.52,0.5,0,0.452764207,0.25,MIT
370,0.86,0.92,0.5,0.37,1,0,0.53,0.32,ERL
371,0.42,0.51,0.39,0.22,0.5,0,0.625249938,0.26,ME3
372,0.51,0.43,0.47,0.19,0.5,0,0.52,0.37,CYT
373,0.44,0.53,0.43,0.879153252,0.5,0,0.54,0.75,NUC
374,0.305153784,0.37,0.33,0.23,0.5,0.463322323,0.53,0.241219492,ME3
375,0.48,0.51,0.57,0.24,0.5,0,0.5,0.664826416,CYT
376,0.68,0.58,0.514673644,0.19,0.5,0.83,0.091437081,0.22,POX
377,0.990412442,0.47,0.41,0.44,0.5,0,0.5,0.22,ME3
378,0.49,0.44,0.65316596,0.22,0.5,0,0.51,0.22,CYT
379,0.46,0.57,0.52,0.197439889,0.5,0,0.52,0.22,NUC
380,0.53,0.48,0.45,0.44,0.5,0,0.49,0.27,MIT
381,0.7,0.53,0.42,0.22,0.5,0,0.510012542,0.991668471,NUC
382,0.68,0.68,0.49,0.15,0.5,0,0.53,0.22,EXC
383,0.47,0.6,0.35,0.21,0.5,0,0.52,0.22,ME3
384,0.55,0.49,0.365647447,0.18,0.5,0,0.49,0.22,NUC
385,0.45416765,0.47,0.48,0.18,0.875854785,0.731057509,0.46,0.22,CYT
386,0.8,0.81,0.55,0.35,0.5,0,0.42,0.22,EXC
387,0.617267991,0.99744226,0.54,0.55,0.5,0,0.51,0.65,MIT
388,0.66,0.66,0.32,0.54,0.5,0.811363216,0.51,0.509687762,ME2
389,0.58,0.444021309,0.46,0.34,0.751452254,0,0.5,0.43,NUC
390,0.6,0.62,0.54,0.4,0.5,0,0.5,0.22,MIT
391,0.52,0.5,0.59,0.31,0.5,0,0.5,0.22,MIT
392,0.45,0.38,0.64,0.816848121,0.5,0,0.54,0.22,MIT
393,0.6,0.929204494,0.64,0.52,0.5,0,0.47,0.28,MIT
394,0.57,0.61,0.55,0.720945153,0.503168149,0,0.44,0.21,MIT
395,0.38,0.54,0.54,0.41,0.931947235,0,0.51,0.904870102,MIT
396,0.448370801,0.757898324,0.948268752,0.29,0.5,0,0.030739455,0.22,MIT
397,0.697633334,0.45,0.44,0.2,0.750381687,0,0.55,0.33,NUC
398,0.51,0.6,0.51,0.26,0.5,0,0.030211149,0.298219445,NUC
399,0.49,0.46,0.42,0.46,0.5,0,0.55,0.22,NUC
400,0.51,0.56,0.62,0.24,0.5,0,0.52,0.51,NUC
401,0.58,0.57,0.54,0.69,0.5,0,0.54,0.22,MIT
402,0.55,0.605939897,0.54,0.4,0.751987196,0,0.48,0.22,MIT
403,0.41,0.47,0.58,0.62,0.5,0,0.5,0.22,MIT
404,0.44,0.53,0.53,0.37,0.5,0,0.51,0.22,MIT
405,0.47,0.46,0.55,0.28,0.5,0,0.44,0.46,NUC
406,0.41,0.59,0.46,0.569868201,0.5,0,0.36,0.815983011,EXC
407,0.44,0.41,0.29,0.21,0.5,0,0.49,0.73128511,ME3
408,0.51,0.346586478,0.54,0.41,0.5,0,0.53,0.360425147,MIT
409,0.5,0.36,0.53,0.41,0.5,0,0.55,0.36,CYT
410,0.59,0.58,0.39,0.52,0.5,0,0.5,0.31,CYT
411,0.78,0.63,0.53,0.13,0.5,0,0.54,0.22,ME2
412,0.48,0.62,0.52,0.3,0.5,0,0.51,0.37,NUC
413,0.39,0.34,0.336227982,0.3,0.5,0,0.5,0.29,NUC
414,0.896267804,0.53,0.44,0.18,0.5,0.038671829,0.54,0.530434915,NUC
415,0.36,0.3,0.5,0.19,0.5,0,0.55,0.3,NUC
416,0.45,0.21,0.49,0.24,0.5,0,0.46,0.31,NUC
417,0.87,0.14192821,0.6,0.47,0.5,0,0.59,0.22,NUC
418,0.332828848,0.34,0.49,0.16,0.5,0,0.53,0.21,NUC
419,0.78,0.735241245,0.4,0.16,0.5,0.257494257,0.63,0.22,MIT
420,0.68,0.59,0.44,0.49,0.5,0,0.4,0.26,POX
421,0.5,0.899282435,0.57,0.27,0.5,0,0.48,0.22,POX
422,0.51,0.46,0.57,0.25,0.5,0.666085413,0.53,0.22,CYT
423,0.244189577,0.619976856,0.46,0.18,0.800945529,0,0.49,0.730189249,CYT
424,0.39,0.58,0.5,0.1,0.5,0,0.51,0.698031455,CYT
425,0.336559984,0.58,0.800257846,0.44,0.5,0,0.56,0.22,MIT
426,0.596427698,0.49,0.45,0.483005326,0.5,0.691744774,0.55,0.043485604,VAC
427,0.5,0.32,0.49,0.49,0.5,0,0.48,0.32,MIT
428,0.48,0.45,0.59,0.897461719,0.5,0,0.55,0.3,MIT
429,0.48,0.799638267,0.49,0.35,0.5,0.057369395,0.51,0.22,MIT
430,0.45,0.41,0.49,0.617673125,1,0,0.53,0.651385547,CYT
431,0.28,0.36,0.55,0.15,0.5,0.248182027,0.420499197,0.647396939,CYT
432,0.74,0.72,0.5,0.28,0.5,0,0.5,0.27,EXC
433,0.59,0.61,0.51,0.62,0.5,0,0.185078414,0.38,MIT
434,0.78,0.69,0.44,0.26,0.5,0,0.54,0.22,ME1
435,0.95,0.758609255,0.27,0.39,0.638864839,0.355863715,0.634110007,0.22,ME2
436,0.39,0.49,0.3,0.849563308,0.5,0,0.52,0.31,ME3
437,0.49,0.48,0.52,0.2,0.5,0.334463842,0.55,0.22,NUC
438,0.54,0.279447128,0.48,0.14,0.5,0,0.49,0.325421234,NUC
439,0.45,0.720595602,0.53,0.15,0.5,0,0.52,0.27,CYT
440,0.46,0.62,0.54,0.743962691,0.5,0,0.46,0.22,CYT
441,0.815584563,0.46,0.296169068,0.907498422,0.5,0,0.259640549,0.22,CYT
442,0.45,0.48,0.56,0.56,0.5,0.669998024,0.47,0.22,NUC
443,0.48,0.41,0.54,0.39,0.5,0,0.51,0.22,NUC
444,0.34,0.35,0.58,0.2,0.5,0,0.46,0.32,NUC
445,0.37,0.366566303,0.51,0.213862339,0.5,0.158176999,0.518033722,0.38,NUC
446,0.48,0.5,0.56,0.11,0.512932666,0,0.33,0.22,CYT
447,0.49,0.45,0.54,0.4,0.5,0,0.55,0.22,MIT
448,0.57,0.6,0.54,0.17,0.5,0.212644851,0.52,0.181713295,MIT
449,0.33,0.657657217,0.52,0.717756241,0.5,0,0.51,0.86,NUC
450,0.43,0.41,0.51,0.34,0.5,0,0.49,0.28,NUC
451,0.49,0.49,0.51,0.29,0.5,0,0.52,0.71,NUC
452,0.41,0.52,0.51,0.22,0.5,0.78761787,0.52,0.44,NUC
453,0.58,0.415635023,0.6,0.12,0.5,0,0.47,0.426014564,NUC
454,0.44,0.33,0.936753208,0.16,0.5,0,0.49,0.583508999,NUC
455,0.57,0.496890463,0.58,0.22,0.5,0,0.51,0.22,NUC
456,0.34,0.58,0.5,0.26,0.5,0,0.51,0.22,NUC
457,0.35,0.4,0.44,0.084493869,0.5,0,0.53,0.57,NUC
458,0.55,0.38,0.64,0.42,0.5,0,0.47,0.074023392,MIT
459,0.45,0.154683603,0.57,0.25,0.5,0,0.522667033,0.22,NUC
460,0.39,0.39,0.972925898,0.25,0.5,0,0.45,0.22,CYT
461,0.61,0.38,0.57,0.36,0.5,0,0.44,0.21,CYT
462,0.736748679,0.33,0.54,0.37,0.733354483,0,0.38,0.228705113,CYT
463,0.72,0.51,0.887153191,0.08,0.5,0,0.54,0.22,NUC
464,0.57,0.49,0.61,0.949697573,0.5,0,0.52,0.22,NUC
465,0.36,0.49,0.55,0.21,0.5,0.211051752,0.55,0.33,NUC
466,0.35,0.33,0.48,0.42,0.5,0,0.47,0.584174083,CYT
467,0.46,0.35,0.69,0.18,0.5,0,0.3,0.25,CYT
468,0.58,0.45,0.55,0.27,0.5,0.027829543,0.48,0.11,CYT
469,0.43,0.33,0.67,0.12,0.5,0,0.43,0.23,CYT
470,0.58,0.44,0.5,0.26,0.5,0,0.52,0.475453361,CYT
471,0.4,0.45,0.476764353,0.29,0.5,0,0.44,0.640454958,CYT
472,0.35,0.39,0.56,0.2,0.5,0,0.49,0.41,CYT
473,0.44,0.62,0.53,0.27,0.5,0,0.49,0.22,NUC
474,0.56,0.61,0.52,0.008425849,0.5,0,0.52,0.32,NUC
475,0.47,0.56,0.46,0.755834217,0.677732535,0,0.51,0.22,MIT
476,0.404782053,0.38,0.52,0.231386537,0.5,0,0.42,0.22,NUC
477,0.49,0.4,0.58,0.52508226,0.5,0,0.47,0.522341227,CYT
478,0.51,0.4,0.309653297,0.28,0.5,0,0.395536967,0.27,CYT
479,0.47,0.58,0.47,0.52,0.5,0,0.54,0.978121137,MIT
480,0.859750819,0.42,0.307499796,0.16,0.5,0,0.56,0.22,CYT
481,0.55,0.687751165,0.52,0.365404315,0.5,0.468177255,0.562092216,0.706552274,CYT
482,0.174534843,0.44,0.58,0.17,0.5,0,0.410116246,0.2147208,CYT
483,0.46,0.918867167,0.44,0.18,1,0.519884133,0.579046826,0.22,ME2
484,0.51,0.51,0.32,0.06900146,0.5,0,0.54,0.22,ME3
485,0.65,0.66,0.37,0.12,0.6141049,0,0.52,0.27,ME3
486,0.42,0.43,0.67,0.7,0.865172867,0,0.6258031,0.25,CYT
487,0.4,0.49,0.53,0.23,0.5,0,0.44,0.508037938,NUC
488,0.38,0.42,0.31,0.35,0.5,0,0.52,0.506996573,ME3
489,0.46,0.48,0.38,0.22,0.5,0,0.39,0.463720683,ME3
490,0.4,0.75,0.44,0.12,0.5,0.508714689,0.49,0.22,NUC
491,0.43,0.336179594,0.47,0.18,0.5,0,0.47,0.22,CYT
492,0.52,0.47,0.58,0.18,0.5,0.745962159,0.34,0.11,CYT
493,0.37,0.29,0.45,0.15,0.5,0,0.49,0.22,NUC
494,0.37,0.48,0.67,0.37,0.5,0,0.56,0.62,NUC
495,0.48,0.65,0.36,0.24,0.5,0.137571692,0.54,0.31,NUC
496,0.59,0.49,0.45,0.22,0.5,0.221647684,0.45,0.31,NUC
497,0.52,0.31,0.56,0.16,0.5,0.455250806,0.702525276,0.22,NUC
498,0.55,0.46,0.47,0.15,0.5,0,0.215955203,0.22,ME3
499,0.5,0.52,0.51,0.22,0.999200457,0,0.46,0.37,CYT
500,0.62,0.33,0.49,0.059308501,0.5,0,0.573398174,0.42,CYT
501,0.51,0.5,0.44220394,0.45,0.5,0,0.48,0.073535544,MIT
502,0.7,0.58,0.53,0.833463669,0.5,0,0.59,0.22,EXC
503,0.55,0.41,0.67,0.61,0.5,0,0.49,0.14,MIT
504,0.66,0.65,0.819497926,0.17,0.5,0,0.47,0.806127879,NUC
505,0.58,0.64,0.884733825,0.3,0.5,0,0.54,0.22,NUC
506,0.74,0.82,0.46,0.24,0.5,0.029403639,0.5,0.358911891,EXC
507,0.38,0.211870547,0.55,0.44,0.5,0,0.48,0.26,CYT
508,0.47,0.47,0.5,0.19,0.5,0,0.51,0.977927992,NUC
509,0.31,0.51,0.38,0.18,0.5,0,0.46,0.31,ME3
510,0.44,0.65,0.49,0.786840071,0.601004653,0,0.48,0.31,NUC
511,0.48,0.44,0.46,0.471066404,0.5,0,0.46,0.36,CYT
512,0.45,0.4,0.56,0.15,0.5,0,0.52,0.22,NUC
513,0.288789905,0.45,0.797240102,0.34,0.5,0,0.52,0.44,CYT
514,0.63,0.58,0.57,0.1,0.5,0,0.52,0.33,NUC
515,0.33,0.17,0.332776315,0.36051557,0.5,0,0.51,0.75,NUC
516,0.38,0.42,0.5,0.19,0.5,0,0.684285985,0.22,CYT
517,0.28,0.27,0.5,0.14,0.85504304,0.15006586,0.5,0.28,CYT
518,0.41,0.46,0.57,0.25,0.5,0,0.375477877,0.38,CYT
519,0.77,0.7,0.44,0.29,0.5,0,0.56,0.22,ME1
520,0.79,0.79,0.42,0.26,0.59826082,0,0.6,0.22,ME1
521,0.49,0.5,0.563646507,0.43,0.5,0,0.5,0.806257795,VAC
522,0.25,0.26,0.53,0.17,0.5,0.297373639,0.583263316,0.22,CYT
523,0.59,0.46,0.57,0.17,0.5,0,0.310541001,0.22,CYT
524,0.5,0.46,0.49,0.27,0.715231539,0,0.649495104,0.22,CYT
525,0.49,0.36,0.47,0.28,0.639289084,0,0.56,0.54,NUC
526,0.34,0.42,0.641895363,0.545780243,0.5,0,0.454581472,0.31,NUC
527,0.68400901,0.39,0.56,0.23,0.5,0,0.6,0.22,CYT
528,0.761243363,0.59,0.56,0.09,0.5,0,0.5,0.22,CYT
529,0.74882998,0.35,0.55,0.19,0.643070146,0,0.3,0.22,CYT
530,0.330030149,0.47,0.45,0.14,0.5,0,0.367657079,0.32,ME3
531,0.55,0.623262799,0.362568436,0.18,0.5,0,0.51,0.22,NUC
532,0.718309739,0.58,0.58,0.12,0.847689597,0,0.49,0.22,VAC
533,0.65,0.58,0.53,0.21,0.5,0,0.51,0.22,VAC
534,0.637280282,0.48,0.51,0.2,0.5,0,0.51,0.40352284,CYT
535,0.57,0.47,0.48,0.17,0.5,0,0.425341757,0.26,VAC
536,1,0.8,0.29,0.36,0.5,0,0.087602211,0.22,ME1
537,0.88,0.75,0.41,0.36,0.5,0,0.43,0.22,ME2
538,0.562863302,0.41,0.46,0.18,0.5,0,0.53,0.664309093,ME3
539,0.59,0.56,0.5,0.535078214,0.5,0,0.46,0.22,MIT
540,0.44671004,0.165761378,0.47,0.14,0.890143753,0,0.56,0.68,NUC
541,0.71,0.51,0.49,0.23,0.5,0,0.3,0.32,ME2
542,0.74,0.73,0.32,0.2,0.5,0,0.55,0.068263527,ME1
543,0.35,0.32,0.31,0.16,0.5,0,0.56,0.188461341,ME3
544,0.67,0.61,0.39,0.24,0.5,0,0.51,0.22,ME3
545,0.47,0.41,0.53,0.773289501,0.704226919,0,0.47,0.25,MIT
546,0.39,0.56,0.34,0.18,0.5,0,0.49,0.22,ME3
547,0.75,0.73,0.35,0.33,0.5,0,0.49,0.28,ME1
548,0.5,0.63,0.45,0.13,0.5,0,0.45,0.32,ME3
549,0.2,0.6,0.5,0.29,0.76763019,0,0.51,0.22,ME3
550,0.51,0.46,0.557577323,0.36,0.5,0,0.49,0.22,ME3
551,0.6,0.68,0.3,0.27,0.5,0,0.55,0.22,ME3
552,0.77,0.68,0.35,0.19,0.5,0,0.53,0.43,ME1
553,0.77,0.74,0.37,0.29,0.5,0,0.45,0.22,ME1
554,0.47,0.38,0.58,0.19,0.5,0,0.57,0.22,CYT
555,0.74,0.532630437,0.45,0.44,0.5,0,0.52,0.954443177,POX
556,0.656553853,0.53,0.58,0.69,0.5,0,0.5,0.528077552,MIT
557,0.25,0.4,0.52,0.15,0.5,0,0.275938144,0.28,NUC
558,0.58,0.56,0.69890759,0.39,0.5,0.42374756,0.115260607,0.57,NUC
559,0.48,0.61,0.57,0.291694848,0.5,0.019314695,0.45,0.22,CYT
560,0.61,0.48,0.54,0.59390949,0.5,0,0.5,0.742683366,CYT
561,0.86,0.74,0.958498813,0.4,0.5,0,0.55,0.22,ME2
562,0.58,0.5,0.5,0.295343566,0.5,0,0.48,0.25,NUC
563,0.48,0.61,0.44,0.2,0.5,0,0.625404272,0.22,CYT
564,0.474610929,0.56,0.54,0.53,0.62058594,0.529864393,0.201212682,0.22,MIT
565,0.818790865,0.83,0.43,0.3,0.5,0,0.55,0.22,ME1
566,0.56,0.43,0.54,0.16,0.5,0,0.5,0.22,NUC
567,0.62,0.625004467,0.46,0.13,0.833659986,0,0.376093992,0.22,CYT
568,0.31,0.45,0.5,0.17,0.5,0,0.49,0.677756888,CYT
569,0.38,0.49,0.61,0.13,0.524420808,0,0.54,0.700181379,CYT
570,0.44,0.53,0.52,0.37,0.5,0,0.5,0.22,NUC
571,0.54,0.45,0.62,0.13,0.688810473,0,0.52,0.26,NUC
572,0.89,0.77,0.527788225,0.34,0.5,0,0.44,0.22,EXC
573,0.48,0.43,0.45,0.17,0.5,0,0.48,0.37,ME3
574,0.708914555,0.52,0.53,0.52,1,0,0.49,0.22,CYT
575,0.33,0.37,0.54,0.28,0.5,0,0.53,0.27,NUC
576,0.312666761,0.51,0.52,0.45,0.5,0,0.5,0.214878221,MIT
577,0.48,0.54,0.318163891,0.6,0.5,0,0.53,0.31,NUC
578,0.75,0.503146039,0.51,0.29,0.74599454,0,0.52,0.36,MIT
579,0.49,0.52,0.491325675,0.7,0.5,0,0.51,0.22,MIT
580,0.858867142,0.48,0.46,0.006244985,0.5,0,0.634065048,0.22,CYT
581,0.53,0.43,0.465625031,0.24,0.5,0,0.39,0.28,CYT
582,0.41,0.41,0.43,0.61,0.5,0,0.53,0.22,MIT
583,0.46,0.53,0.47,0.37,0.5,0,0.51,0.088037814,NUC
584,0.34,0.587755799,0.65,0.4,0.5,0.12783975,0.221170779,0.16,CYT
585,0.33,0.42,0.55,0.23,0.5,0,0.52,0.43,NUC
586,0.283515122,0.43,0.36,0.33,0.5,0.579749277,0.51,0.22,ME3
587,0.23,0.37,0.32,0.13,0.5,0,0.53,0.22,MIT
588,0.45,0.612073008,0.51,0.3,0.5,0,0.48,0.44,CYT
589,0.46,0.61,0.404303595,0.35,0.5,0,0.49,0.22,ME3
590,0.25,0.48,0.45,0.32,0.5,0,0.4,0.22,CYT
591,0.45,0.36,0.613835648,0.19,0.5,0,0.53,0.7,NUC
592,0.38,0.67,0.33,0.17,0.5,0,0.51,0.22,ME3
593,0.41,0.47,0.5,0.14,0.5,0,0.53,0.37,NUC
594,0.352327777,0.45,0.59,0.2,0.5,0,0.58,0.34,NUC
595,0.43,0.39,0.54,0.21,0.503486349,0,0.53,0.27,NUC
596,0.5,0.34,0.55,0.21,0.5,0,0.49,0.974045308,NUC
597,0.61,0.6,0.55,0.21,0.5,0,0.5,0.25,NUC
598,0.43,0.44,0.48,0.22,0.5,0,0.51,0.22,CYT
599,0.400030671,0.63,0.42,0.017076591,0.5,0,0.49,0.22,CYT
600,0.46,0.53,0.52,0.15,0.5,0,0.58,0.22,CYT
601,0.57,0.679055574,0.6,0.18,0.991114834,0,0.371818276,0.22,CYT
602,0.918536269,0.55,0.51,0.43,0.5,0,0.51,0.22,NUC
603,0.78,0.74,0.42,0.26,0.510229713,0.745273684,0.43,0.633050784,ME1
604,0.86,0.68,0.213233766,0.24,0.5,0.737239842,0.54,0.22,ME2
605,0.79,0.57,0.772411358,0.28,0.5,0,0.59,0.22,ME2
606,0.41,0.179275243,0.39,0.2,0.5,0,0.51,0.22,ME3
607,0.53,0.31,0.490768029,0.42073663,0.5,0,0.47,0.37,NUC
608,0.48,0.39,0.51,0.621632954,0.5,0,0.52,0.28,CYT
609,0.66,0.62,0.49,0.1,0.5,0,0.49,0.22,CYT
610,0.639397315,0.43,0.51,0.32,0.770926147,0.050431726,0.52,0.43,NUC
611,0.41,0.46,0.59,0.19,0.5,0,0.58,0.27,NUC
612,0.48,0.54,0.55,0.671998884,0.5,0,0.51,0.22,CYT
613,0.45,0.55,0.54,0.66,0.5,0,0.47,0.22,MIT
614,0.49,0.436074993,0.56,0.55,0.5,0,0.42,0.25,MIT
615,0.5,0.54,0.658523768,0.54,0.734198769,0,0.212958153,0.27,MIT
616,0.48,0.510463217,0.868998463,0.5,0.5,0,0.53,0.22,MIT
617,0.54,0.52,0.63,0.37,0.5,0,0.46,0.39163865,MIT
618,0.893503998,0.540169146,0.47,0.22,0.5,0,0.52,0.27,MIT
619,0.38,0.5,0.37,0.26,0.5,0,0.43,0.22,ME3
620,0.69,0.924002802,0.52,0.36,0.5,0,0.46,5.10E-04,EXC
621,0.44,0.52,0.41,0.23,0.5,0,0.594734897,0.22,NUC
622,0.59,0.67,0.56,0.41,0.5,0,0.47,0.22,MIT
623,0.58,0.3031519,0.54,0.469210594,0.5,0,0.48,0.22,MIT
624,0.46,0.71,0.48,0.53,0.889420419,0.348122731,0.53,0.22,MIT
625,0.62,0.51,0.52,0.42,0.5,0,0.54,0.910402263,NUC
626,0.911963492,0.48,0.551027633,0.14,0.5,0,0.45,0.25,CYT
627,0.4,0.42,0.71,0.21,0.630527137,0.09208536,0.54,0.32,CYT
628,0.35,0.45,0.364822281,0.11,0.5,0,0.56,0.22,ME3
629,0.42,0.42,0.42,0.2,0.5,0,0.49,0.25703554,ME3
630,0.39,0.42,0.937222593,0.4,0.5,0.451033044,0.49,0.844293498,ME3
631,0.837043131,0.44,0.3,0.11,0.5,0,0.51,0.47,ME3
632,0.66,0.45,0.89843061,0.23,0.5,0,0.49,0.22,CYT
633,0.31,0.264469952,0.56,0.68151425,0.5,0,0.52,0.33,NUC
634,0.24,0.636996743,0.69,0.18,0.5,0,0.52,0.22,CYT
635,0.31,0.592836786,0.52,0.110318588,0.5,0,0.52,0.22,CYT
636,0.32,0.57,0.5,0.15,0.5,0,0.53,0.22,CYT
637,0.61,0.72,0.31,0.33,0.5,0,0.56,0.028470401,MIT
638,0.44,0.42,0.471924009,0.21,0.5,0,0.57,0.22,CYT
639,0.49,0.46,0.45,0.45,0.5,0,0.52,0.22,MIT
640,0.49,0.294829483,0.43,0.054172693,0.5,0,0.36,0.22,MIT
641,0.53,0.38,0.66,0.43244669,0.5,0,0.43,0.22,NUC
642,0.41,0.51,0.58,0.15,0.5,0,0.45,0.27,CYT
643,0.612840503,0.26,0.52,0.14,0.5,0.63772469,0.604551371,0.44,CYT
644,0.587069091,0.53,0.55,0.14,0.5,0,0.51,0.22,CYT
645,0.39,0.28,0.46,0.12,0.5,0,0.41,0.22,NUC
646,0.795975924,0.2,0.53,0.2,0.686103177,0,0.44,0.22,NUC
647,0.55,0.54,0.56,0.22,0.5,0,0.511338416,0.37,NUC
648,0.51,0.55,0.636883743,0.16,0.5,0,0.195344355,0.47,ME3
649,0.45,0.56,0.53,0.32,0.5,0,0.57,0.47640719,CYT
650,0.995623848,0.47,0.55,0.12,0.5,0.128150561,0.076914346,0.22,CYT
651,0.55,0.46,0.46,0.31,0.5,0,0.58,0.48,NUC
652,0.56,0.62,0.53,0.24,0.5,0,0.57,0.22,CYT
653,0.536694066,0.6,0.51,0.306704778,0.5,0,0.657191595,0.22,CYT
654,0.35,0.36,0.57,0.17,0.5,0,0.283817566,0.22,CYT
655,0.45,0.4,0.56,0.14,0.5,0,0.54,0.22,CYT
656,0.5,0.5,0.48,0.17,0.5,0,0.47,0.26,CYT
657,0.6,0.6,0.49,0.569383364,0.606634789,0,0.53,0.22,NUC
658,0.49,0.46,0.621122698,0.21,0.967964662,0,0.337466733,0.22,ME3
659,0.45,0.42,0.52,0.665616881,0.5,0,0.5,0.25,CYT
660,0.37,0.33,0.5,0.12,0.813051094,0.615899236,0.399531564,0.54,CYT
661,0.27,0.51,0.47,0.35,0.59742263,0,0.181784622,0.28,NUC
662,0.121270462,0.506801309,0.45,0.13,0.5,0,0.53,0.22,CYT
663,0.307744789,0.51,0.51,0.12,0.526806815,0,0.51,0.4,CYT
664,0.44,0.51,0.398238896,0.38,0.5,0,0.52,0.22,CYT
665,0.58,0.41,0.51,0.161828912,0.5,0,0.124050211,0.37,CYT
666,0.525914428,0.34,0.58,0.24,0.5,0,0.44,0.18,NUC
667,0.61,0.748564577,0.45,0.21,0.5,0,0.523108647,0.42,NUC
668,0.53,0.68,0.34,0.42,0.5,0,0.54,0.27,ME3
669,0.85,0.85,0.3,0.31,0.5,0,0.55,0.25135964,ME1
670,0.55,0.53,0.56,0.29,0.5,0,0.48,0.22,MIT
671,0.38,0.46,0.52,0.75,0.5,0,0.5,0.26,MIT
672,0.43,0.44,0.3,0.18,0.5,0,0.434041006,0.22,ME3
673,0.43,0.45,0.37,0.900373733,0.5,0,0.48,0.22,ME3
674,0.45,0.57,0.999025316,0.17,0.734322699,0,0.51,0.22,ME3
675,0.789102944,0.44,0.488369695,0.17,0.5,0,0.54,0.27,ME3
676,0.45,0.54,0.54,0.62,0.5,0,0.53,0.22,MIT
677,0.51,0.34,0.43,0.18,0.5,0,0.48,0.25,CYT
678,0.403721252,0.38,0.59,0.18,0.5,0,0.472251139,0.45,NUC
679,0.286962994,0.81,0.36,0.71,0.5,0,0.55,0.63,ME1
680,0.767400809,0.55,0.52,0.159117572,0.5,0,0.44,0.20822994,MIT
681,0.5,0.45,0.49,0.3,0.5,0.300990603,0.47,0.4,NUC
682,0.47,0.43,0.35,0.32,0.5,0,0.54,0.22,ME3
683,0.7,0.73,0.38,0.36,0.613077837,0,0.54,0.22,ME1
684,0.84,0.314675499,0.38,0.23,0.5,0,0.423332456,0.22,EXC
685,0.36,0.44,0.57,0.18,0.5,0.337522785,0.42,0.22,MIT
686,0.48,0.963771237,0.52,0.712277116,0.5,0,0.51,0.22,MIT
687,0.68,0.5,0.55,0.65,0.5,0,0.070230566,0.31,MIT
688,0.52,0.184713881,0.57,0.57,0.5,0.73060828,0.51,0.026980434,NUC
689,0.18,0.377066506,0.46,0.12,0.5,0,0,0.25,NUC
690,0.53,0.564589119,0.51,0.11,0.5,0,0.49,0.41,NUC
691,0.58,0.49,0.5,0.41,0.5,0,0.57,0.22,MIT
692,0.57,0.801312123,0.292622245,0.2,0.5,0,0.54,0.22,CYT
693,0.55,0.65,0.5,0.28,0.5,0,0.55,0.22,NUC
694,0.29,0.46,0.54,0.27,0.5,0,0.49,0.22,CYT
695,0.66,0.52,0.52,0.44,0.5,0,0.56,0.27,MIT
696,0.37,0.31,0.53,0.16,0.5,0.105541654,0.53,0.44,NUC
697,0.45,0.73,0.47,0.65,0.5,0.065399257,0.54,0.43,MIT
698,0.66,0.54,0.49,0.16,0.778602546,0.247718804,0.54,0.36,NUC
699,0.42,0.5,0.936662982,0.22,0.884508094,0.83,0.5,0.941791396,POX
700,0.59,0.57,0.43,0.26,0.5,0,0.51,0.22,MIT
701,0.39,0.3,0.56,0.12,0.5,0,0.53,0.38,NUC
702,0.717446513,0.54,0.58,0.2,0.5,0,0.52,0.22,MIT
703,0.45,0.991108759,0.63,0.4,0.631098269,0,0.450125141,0.11,MIT
704,0.44,0.44,0.473043966,0.97417832,0.957230055,0,0.489286248,0.26,MIT
705,0.62,0.973244625,0.54,0.47,0.5,0,0.46,0.22,MIT
706,0.51,0.48,0.51,0.43,0.931301611,0,0.528732275,0.22,MIT
707,0.46,0.46,0.56,0.251554557,0.5,0,0.55,0.22,MIT
708,0.36,0.39,0.55,0.26,0.5,0,0.49,0.22,NUC
709,0.47,0.59,0.543393635,0.31,0.5,0,0.51,0.36,NUC
710,0.77089315,0.753511729,0.53,0.29,0.5,0,0.308693171,0.55,NUC
711,0.11,0.41,0.67,0.13,0.5,0,0.45,0.29,NUC
712,0.47,0.5,0.55,0.19,0.831171873,0,0.62,0.22,CYT
713,0.49,0.44,0.51,0.18,0.5,0,0.52,0.27,CYT
714,0.43,0.998906116,0.53,0.34,0.5,0,0.55,0.57,NUC
715,0.3,0.55,0.58,0.16,0.5,0.796717399,0.61,0.28,NUC
716,0.83,0.57,0.649054182,0.57,0.5,0,0.5,0.32,ME2
717,0.52,0.701170142,0.645968804,0.16,0.5,0,0.57,0.22,MIT
718,0.58,0.51,0.56,0.028564806,0.5,0,0.34,0.93410033,NUC
719,0.69,0.39,0.52,0.12,0.5,0,0.38,0.35,CYT
720,0.404529155,0.43,0.59,0.27,0.5,0.125472645,0.55,0.22,POX
721,0.45,0.46,0.61,0.2,0.5,0,0.095254129,0.22,CYT
722,0.61,0.46,0.44,0.47,0.5,0,0.5,0.37,NUC
723,0.8,0.82,0.57,0.835580018,0.5,0,0.57,0.27,VAC
724,0.75,0.823537881,0.43,0.35,0.62664134,0,0.45,0.27,MIT
725,0.57,0.49,0.943622218,0.2,0.5,0.125448127,0.51,0.28,CYT
726,0.74,0.181249286,0.260606957,0.27,0.5,0,0.5,0.22,EXC
727,0.4,0.37,0.54,0.13,0.5,0,0.48,0.22,NUC
728,0.45,0.4,0.43,0.22,0.729849187,0,0.51,0.48,NUC
729,0.74,0.71,0.52,0.3,0.5,0,0.27,0.22,EXC
730,0.4,0.39,0.33,0.707585207,0.58849003,0,0.51,0.31,VAC
731,0.383025597,0.71,0.954525882,0.42,0.5,0,0.35,0.22,ME2
732,0.44,0.43,0.846043984,0.21,0.683006213,0,0.55,0.4,ME3
733,0.56,0.5,0.56,0.26,0.794694037,0,0.53,0.27,NUC
734,0.41,0.53,0.41,0.15,0.5,0,0.54,0.25,NUC
735,0.66,0.55,0.34,0.2,0.5,0,0.62,0.529772114,ME3
736,0.75,0.69,0.48,0.13,0.5,0.689089121,0.57,0.4,VAC
737,0.42,0.53,0.653944784,0.17,0.5,0,0.49,0.22,CYT
738,0.33,0.35,0.383067833,0.19,0.5,0,0.5,0.22,NUC
739,0.441406084,0.57,0.45,0.17,0.5,0,0.53,0.22,CYT
740,0.56,0.59,0.54,0.18,0.5,0.520733312,0.48,0.46,NUC
741,0.500599135,0.39,0.5,0.15,0.5,0,0.48,0.37,NUC
742,0.32,0.48,0.49,0.17,0.669553415,0,0.47,0.22,NUC
743,0.51,0.39,0.56,0.25,0.5,0,0.51,0.33,NUC
744,0.51,0.51,0.28409801,0.28,0.5,0,0.54,0.27,CYT
745,0.48,0.56,0.49,0.32,0.5,0,0.5,0.22,CYT
746,0.29,0.4,0.41,0.48,0.5,0,0.53,0.3,NUC
747,0.61,0.55,0.51,0.26,0.5,0,0.52,0.22,CYT
748,0.5,0.62,0.52,0.3,0.5,0.352343155,0.56,0.22,MIT
749,0.64,0.53,0.59,0.14,0.5,0,0.53,0.531151919,MIT
750,0.38,0.989645228,0.59,0.19,0.5,0,0.46,0.22,MIT
751,0.508566514,0.55,0.56,0.839558135,0.5,0,0.5,0.38,NUC
752,0.64,0.5,0.53,0.1,0.5,0.536095233,0.51,0.22,NUC
753,0.49,0.67,0.5,0.28,0.5,0,0.43,0.22,NUC
754,0.32,0.49,0.847094537,0.28,0.5,0,0.5,0.5,NUC
755,0.42,0.21,0.59,0.956043911,0.5,0,0.47,0.27,NUC
756,0.37,0.58,0.5,0.22,0.5,0,0.47,0.22,NUC
757,0.43,0.33,0.54,0.37,0.5,0,0.38,0.16,CYT
758,0.57,0.37,0.43,0.717568481,0.5,0,0.53,0.28,NUC
759,0.48,0.45,0.491563539,0.19,0.5,0,0.58,0.22,NUC
760,0.793746095,0.46,0.56,0.25,0.5,0,0.52,0.22,NUC
761,0.31,0.6,0.65,0.18,0.5,0,0.46,0.22,NUC
762,0.57,0.42,0.63,0.22,0.5,0,0.68,0.32,NUC
763,0.46,0.35,0.69,0.107504987,0.5,0,0.3,0.025130314,CYT
764,0.57,0.43,0.396660872,0.714597514,0.5,0,0.37,0.11,CYT
765,0.61,0.48,0.56,0.19,0.595171502,0,0.53,0.31,CYT
766,0.4,0.45,0.61,0.29,0.871415785,0,0.44,0.22,CYT
767,0.73,0.6,0.47,0.705367119,0.5,0,0.72,0.693058657,CYT
768,0.46,0.33,0.45,0.22,0.5,0,0.41,0.37,CYT
769,0.32,0.44,0.54,0.587823545,0.970531713,0,0.4,0.19,CYT
770,0.5,0.5,0.475464366,0.23,0.5,0,0.35,0.95180094,CYT
771,0.53,0.57,0.293884099,0.36,0.762372486,0,0.126606105,0.22,CYT
772,0.37,0.37,0.51,0.38,0.5,0,0.44,0.22,CYT
773,0.209023398,0.42,0.535235749,0.14,0.5,0,0.51,0.22,CYT
774,0.46,0.839130631,0.55,0.18,0.5,0,0.56,0.22,NUC
775,0.53,0.905639533,0.55,0.57,0.5,0,0.46,0.22,MIT
776,0.38,0.4,0.53,0.12,0.5,0,0.55,0.22,CYT
777,0.54,0.51,0.912623187,0.15,0.800970269,0,0.54,0.420730589,CYT
778,0.345689188,0.264879219,0.46,0.15,0.5,0,0.51,0.31,ME2
779,0.7,0.78,0.53,0.24,0.5,0,0.48,0.06049478,VAC
780,0.45,0.65,0.51,0.17,0.5,0,0.49,0.22,NUC
781,0.42,0.42,0.55,0.31,0.5,0.59817869,0.43,0.22,NUC
782,0.227691879,0.69,0.53,0.33,0.5,0,0.472167006,0.784027407,ME2
783,0.57,0.51,0.34,0.898542725,0.5,0.828056031,0.53,0.27,MIT
784,0.33,0.46,0.6,0.18,0.5,0,0.51,0.26,NUC
785,0.36,0.32,0.55,0.27,0.5,0.254283186,0.508570019,0.571304179,NUC
786,0.46,0.41,0.913216973,0.23,0.5,0,0.48,0.22,NUC
787,0.4,0.39,0.6,0.443825968,0.899806297,0,0.52,0.802517137,NUC
788,0.77,0.73,0.58688109,0.46,0.5,0,0.38,0.22,EXC
789,0.53,0.25,0.59,0.537541217,0.5,0,0.45,0.26,NUC
790,0.25,0.33,0.48,0.18,0.5,0,0.42,0.33,NUC
791,0.56,0.52,0.427737051,0.17,0.5,0,0.49,0.73,CYT
792,0.51,0.48,0.51,0.19,0.5,0,0.51,0.27,CYT
793,0.6,0.46,0.51,0.727545437,0.5,0,0.48,0.31,CYT
794,0.6,0.46,0.51,0.1,0.5,0,0.626185059,0.525568553,CYT
795,0.44,0.39,0.63,0.11,0.5,0,0.49,0.26,NUC
796,0.25,0.42,0.21,0.14,0.5,0,0.41,0.22,ME3
797,0.83,0.746884956,0.45,0.38,0.576377206,0,0.691753394,0.26,EXC
798,0.38,0.433123213,0.56,0.21,0.5,0.488183097,0.48,0.31,NUC
799,0.44,0.14569569,0.53,0.19,0.5,0,0.48,0.27,CYT
800,0.48,0.466180576,0.56,0.29,0.735598004,0,0.144315652,0.43,NUC
801,0.33,0.37,0.518077633,0.22,0.5,0,0.55,0.22,CYT
802,0.78,0.73,0.27,0.447905643,0.5,0,0.56,0.22,ME1
803,0.63,0.64,0.49,0.2,0.761324092,0,0.40448401,0.25,CYT
804,0.39,0.90381992,0.49,0.681061107,0.5,0,0.53,0.683855973,CYT
805,0.61,0.49775837,0.5,0.190991844,0.93700877,0.299116983,0.53,0.175502492,CYT
806,0.54,0.48,0.55,0.33,0.5,0,0.55,0.4,CYT
807,0.58,0.51,0.63,0.2,0.5,0.152804463,0.485158896,0.42,NUC
808,0.38,0.42,0.5,0.19,0.5,0,0.44,0.22,CYT
809,0.141118508,0.32,0.52,0.305010845,0.964671283,0,0.326869836,0.72534217,CYT
810,0.44,0.55,0.51,0.16,0.5,0,0.348120373,0.255934707,CYT
811,0.891280171,0.83,0.43,0.24,0.5,0,0.54,0.22,ME1
812,0.58,0.55,0.51,0.13,0.5,0,0.52,0.22,CYT
813,0.52,0.49,0.59,0.21,0.5,0.300683183,0.47,0.22,NUC
814,0.42,0.37,0.54,0.17,0.5,0,0.51,0.22,CYT
815,0.39,0.45,0.75,0.930341731,0.5,0.429104061,0.51,0.22,CYT
816,0.53,0.45,0.52,0.29,0.5,0,0.55,0.38,MIT
817,0.62,0.6,0.54,0.22,0.609105717,0,0.54,0.8208636,CYT
818,0.48,0.44,0.51,0.24,0.773194243,0,0.723094997,0.22,CYT
819,0.79,0.62,0.35,0.35,0.5,0,0.6,0.28,ME2
820,0.19,0.41,0.55,0.75729879,0.78231897,0,0.52,0.25,CYT
821,0.27,0.43,0.5,0.553717516,0.744354345,0,0.54,0.31,CYT
822,0.42,0.46,0.44,0.17,0.5,0,0.51,0.42,CYT
823,0.42,0.51,0.33,0.16,0.5,0,0.512763184,0.22,ME3
824,0.36,0.624473887,0.51,0.584440798,0.5,0,0.52,0.22,VAC
825,0.5,0.498397046,0.52,0.16,0.5,0,0.51,0.31,CYT
826,0.25,0.4,0.54,0.16,0.5,0,0.43,0.22,CYT
827,0.5,0.381923642,0.57,0.17,0.5,0,0.59,0.22,CYT
828,0.78,0.71,0.310010181,0.25,0.5,0,0.660813458,0.22,ME1
829,0.51,0.39,0.377828802,0.55,0.5,0,0.385499295,0.64,MIT
830,0.49,0.49,0.4,0.2,0.5,0.099606333,0.48,0.26,ME3
831,0.5,0.47,0.56,0.31,0.5,0,0.13516427,0.26,CYT
832,0.45,0.39,0.973325124,0.29,0.5,0.582292798,0.294697398,0.22,MIT
833,0.32,0.3,0.57,0.38,0.5,0,0.5,0.25,NUC
834,0.45,0.5,0.435043181,0.16,0.767842233,0.554054784,0.52,0.28,ME3
835,0.22,0.53,0.36,0.22,0.5,0,0.54,0.31,ME3
836,0.57,0.52,0.46,0.2,0.5,0.83,0.52,0.41,POX
837,0.56,0.71,0.47,0.21,0.5,0.621384516,0.52,0.22,MIT
838,0.783467477,0.63,0.52,0.7,0.5,0,0.46,0.22,MIT
839,0.28,0.568686963,0.36,0.16,0.5,0,0.53,0.22,ME3
840,0.52,0.65,0.36,0.297367615,0.5,0,0.44,0.22,ME3
841,0.64,0.489289463,0.56,0.15,0.5,0.495303115,0.56,0.22,CYT
842,0.42,0.71,0.45,0.15,0.559712228,0,0.48,0.22,ME3
843,0.38,0.56,0.38,0.16,0.5,0,0.53,0.22,ME3
844,0.92,0.66,0.52,0.23,0.5,0,0.53,0.22,ME1
845,0.8,0.73,0.47,0.19,0.633247394,0,0.49,0.22,ME1
846,0.336862508,0.97737307,0.34,0.2,0.5,0,0.51,0.25,ME3
847,0.36,0.48,0.61,0.26,0.5,0,0.5,0.16,NUC
848,0.3,0.37,0.4,0.45,0.5,0,0.48,0.41,ME3
849,0.43,0.295759881,0.6,0.16,0.850223683,0,0.695340913,0.789768383,NUC
850,0.72,0.282843309,0.447825353,0.3,0.5,0,0.54,0.25,MIT
851,0.43,0.57,0.727417701,0.49,0.5,0,0.598032903,0.22,MIT
852,0.36,0.46,0.456719109,0.46,0.5,0,0.51,0.33,CYT
853,0.27,0.6,0.731391643,0.23,0.5,0,0.119196762,0.22,CYT
854,0.802772128,0.34,0.5,0.19,0.5,0,0.5,0.22,NUC
855,0.38,0.37,0.56,0.21,0.5,0,0.49,0.939175914,NUC
856,0.56,0.52,0.48,0.17,0.583982337,0.151926689,0.46,0.22,NUC
857,0.36,0.49,0.3,0.22,0.5,0,0.52,0.31,ME3
858,0.81,0.9,0.39,0.41,0.5,0,0.53,0.441911497,ME2
859,0.44,0.34,0.55,0.18,0.5,0,0.52,0.22,CYT
860,0.43,0.54,0.58,0.16,0.5,0,0.5,0.36,NUC
861,0.51,0.91684365,0.375597555,0.549024641,0.509313533,0,0.53,0.27,ME3
862,0.30204081,0.880560806,0.670140981,0.67,0.5,0,0.48,0.569063587,MIT
863,0.32,0.36,0.34,0.861734237,0.5,0,0.55,0.73513585,ME3
864,0.928253552,0.48,0.58,0.515154358,0.918430524,0,0.48,0.22,CYT
865,0.48,0.48,0.5,0.47,0.5,0,0.55,0.492951687,MIT
866,0.948272505,0.48,0.47,0.3,0.5,0,0.53,0.47,ME2
867,0.5,0.34,0.62,0.19,0.712962243,0,0.57,0.22,CYT
868,0.270323073,0.38,0.53,0.26,0.5,0.268656851,0.52,0.27,NUC
869,0.4,0.52,0.53,0.52,0.5,0,0.51,0.22,MIT
870,0.72,0.56,0.4,0.26,0.5,0.434816933,0.51,0.26,ME2
871,0.5,0.56,0.49,0.61,0.5,0,0.5,0.22,MIT
872,0.7,0.84,0.49,0.28,0.978246418,0,0.58,0.22,ERL
873,0.39,0.81,0.385434163,0.28,0.5,0,0.030327914,0.45,ME3
874,0.45,0.53,0.51,0.42,0.5,0,0.52,0.22,MIT
875,0.39,0.44,0.54,0.24,0.5,0.604537717,0.51,0.49,NUC
876,0.66,0.55,0.951618045,0.18,0.923463563,0,0.43,0.22,CYT
877,0.45,0.5,0.57,0.29,0.5,0,0.44,0.11,CYT
878,0.39,0.65,0.57,0.19,0.5,0,0.44,0.25,CYT
879,0.39,0.65,0.57,0.19,0.5,0.507273939,0.43,0.25,CYT
880,0.47,0.482621615,0.57,0.17,0.5,0,0.52,0.66,NUC
881,0.5567399,0.4,0.866221752,0.58041776,0.5,0,0.51,0.22,ME3
882,0.772353464,0.57,0.51,0.07,0.5,0,0.55,0.22,CYT
883,0.806387959,0.65,0.54,0.4,0.990096736,0,0.51,0.22,EXC
884,0.5,0.43,0.5,0.17,0.5,0,0.46,0.47,NUC
885,0.816665,0.66,0.6,0.14,0.5,0,0.2,0.480341533,NUC
886,0.48,0.841471547,0.37,0.33,0.896166911,0.390976568,0.44,0.36,NUC
887,0.4,0.36,0.32,0.16,0.5,0,0.376701708,0.27,VAC
888,0.887358975,0.26,0.43,0.17,0.5,0,0.55,0.3,ME3
889,0.82,0.63,0.47,0.18,0.5,0,0.5,0.22,POX
890,0.51,0.45,0.62,0.25,0.5,0,0.59,0.22,MIT
891,0.58,0.61,0.47,0.13,0.614926472,0,0.48,0.22,MIT
892,0.6,0.4,0.52,0.46,0.5,0,0.53,0.22,MIT
893,0.77395696,0.55,0.45,0.19,0.5,0,0.46,0.498472755,MIT
894,0.43,0.53,0.52,0.13,0.5,0,0.55,0.668106927,CYT
895,0.63,0.67,0.57,0.24,0.663133391,0,0.49,0.22,MIT
896,0.855009933,0.61,0.264491843,0.12,0.5,0,0.53,0.47,CYT
897,0.74,0.57,0.51,0.28,0.5,0,0.58,0.22,VAC
898,0.42,0.24,0.614853986,0.16,0.5,0,0.5,0.22,ME3
899,0.64,0.56,0.56,0.489316895,0.5,0,0.45,0.22,CYT
900,0.43,0.35,0.52,0.52,0.5,0.408081219,0.54,0.22,MIT
901,0.47,0.39,0.403878184,0.15,0.5,0,0.57,0.22,CYT
902,0.673384829,0.53,0.54,0.4,0.5,0,0.5,0.22,MIT
903,0.39,0.609070695,0.336017449,0.16,0.5,0,0.55,0.22,ME3
904,0.5,0.52,0.59,0.3,0.5,0,0.507889501,0.35,NUC
905,0.4,0.778561318,0.56,0.2,0.5,0,0.45,0.22,CYT
906,0.61,0.72,0.39,0.33,0.5,0,0.58,0.512960024,MIT
907,0.3,0.56,0.55,0.18,0.5,0.386269957,0.026235242,0.22,CYT
908,0.45,0.41,0.5,0.46,0.5,0.5,0.5,0.27,POX
909,0.67,0.62,0.54,0.43,0.5,0.698920193,0.53,0.22,MIT
910,0.6,0.5,0.57,0.189598732,0.5,0,0.41,0.26,CYT
911,0.47,0.32,0.64,0.3,0.565928719,0,0.63,0.22,NUC
912,0.28,0.37,0.61,0.09,0.5,0,0.52,0.55,NUC
913,0.42,0.43,0.56,0.0141279,0.5,0,0.49,0.553965209,CYT
914,0.49,0.47,0.53,0.16,0.5,0,0.48,0.27,NUC
915,0.829693371,0.42,0.216022023,0.21,0.5,0,0.54,0.32,CYT
916,0.21,0.41,0.55,0.11,0.5,0,0.5,0.7954729,CYT
917,0.729314834,0.162377776,0.51,0.13,0.5,0,0.47,0.22,CYT
918,0.54,0.38,0.52,0.18,0.949745678,0,0.48,0.22,CYT
919,0.552153144,0.436357684,0.51,0.54,0.5,0,0.55,0.27,MIT
920,0.319737462,0.56,0.45,0.58,0.5,0,0.51,0.22,MIT
921,0.58,0.58,0.58,0.49,0.5,0,0.557749454,0.26,MIT
922,0.72,0.62,0.34,0.29,0.5,0,0.56,0.28,MIT
923,0.72,0.61,0.37,0.857937844,0.5,0,0.57,0.22,MIT
924,0.46,0.43,0.38,0.33,0.5,0,0.304467128,0.28,MIT
925,0.55,0.45,0.793853979,0.54,0.5,0.763935171,0.5,0.22,MIT
926,0.327627867,0.46,0.276448144,0.49,0.5,0,0.56,0.22,MIT
927,0.78,0.74,0.58,0.25,1,0.24113568,0.564995896,0.22,ERL
928,0.7,0.351025308,0.54,0.28,0.5,0,0.6,0.462928236,VAC
929,0.41,0.45,0.53,0.17,0.5,0,0.51,0.25,NUC
930,0.36,0.37,0.33,0.14,0.5,0,0.57,0.31,ME3
931,0.46,0.54,0.71,0.881689548,0.666717162,0,0.59,0.22,MIT
932,0.45,0.27,0.57,0.673899848,0.5,0,0.52,0.18,CYT
933,0.27,0.39,0.66,0.11,0.5,0,0.44,0.22,MIT
934,0.709903958,0.42,0.3,0.23,0.5,0,0.495143781,0.22,ME3
935,0.42,0.32,0.5,0.765789714,0.5,0,0.51,0.22,NUC
936,0.36,0.24,0.49,0.16,0.5,0,0.51,0.97016355,NUC
937,0.6,0.168096214,0.581201193,0.2,0.5,0,0.5,0.38,NUC
938,0.5,0.51,0.52,0.09,0.795326755,0,0.48,0.25,NUC
939,0.128448926,0.43,0.802257552,0.79,0.5,0,0.49,0.63,NUC
940,0.56,0.52,0.55,0.19,0.5,0,0.457846182,0.22,CYT
941,0.48917128,0.155393009,0.59,0.12,0.5,0,0.49,0.27,NUC
942,0.78,0.254220949,0.32,0.23,0.5,0,0.53,0.22,ME1
943,0.52,0.75,0.37,0.14,0.5,0,0.46,0.22,ME3
944,0.59,0.379184185,0.46,0.19,0.5,0,0.56,0.27,CYT
945,0.53,0.68,0.42,0.19,0.5,0.450256474,0.53,0.22,ME3
946,0.73,0.55,0.301067647,0.16,0.5,0,0.704823146,0.22,ME2
947,0.77,0.645744,0.47,0.37,0.5,0.120690583,0.48,0.22,EXC
948,0.321195562,0.210611171,0.48,0.14,0.95694982,0,0.5,0.22,CYT
949,0.33,0.44,0.49,0.689863668,0.900551834,0,0.48,0.49,NUC
950,0.838802927,0.47,0.58,0.16,0.5,0,0.49,0.28,CYT
951,0.124990149,0.34,0.32,0.22,0.5,0,0.56,0.22,ME3
952,0.37,0.352237154,0.62,0.27,0.5,0,0.48,0.22,NUC
953,0.7,0.69,0.233631879,0.642600272,0.5,0,0.58,0.22,ME1
954,0.51,0.259701123,0.46,0.15,0.5,0,0.51,0.42,CYT
955,0.59,0.65,0.52,0.3,0.5,0,0.133877173,0.31,CYT
956,0.596748618,0.56,0.57,0.18,0.5,0,0.45,0.25,NUC
957,0.49,0.43,0.48,0.15,0.5,0.562560523,0.55,0.25,CYT
958,0.49,0.47,0.52,0.16,0.706508893,0,0.53,0.78344015,CYT
959,0.49,0.42,0.54,0.17,0.5,0,0.5,0.36,CYT
960,0.2,0.34,0.33,0.1,0.5,0,0.48,0.31,ME3
961,0.55,0.41,0.56,0.21,0.5,0,0.52,0.138588232,CYT
962,0.28,0.51,0.55,0.11,0.5,0.539358923,0.46,0.22,NUC
963,0.56,0.57,0.63,0.39,0.973195117,0,0.59,0.4,NUC
964,0.35,0.4,0.53,0.18,0.5,0,0.51102328,0.602585946,CYT
965,0.47,0.45,0.53,0.62,0.5,0,0.46,0.913676872,MIT
966,0.39,0.39,0.55,0.52,0.5,0,0.37,0.16,NUC
967,0.48,0.57,0.950342761,0.956428768,0.5,0,0.52,0.42,NUC
968,0.44,0.41,0.58,0.2,0.5,0,0.57,0.25,CYT
969,0.45,0.56,0.51,0.64,0.5,0.398359061,0.54,0.22,MIT
970,0.44,0.53,0.554242361,0.37,0.5,0,0.5,0.22,NUC
971,0.41,0.3,0.49,0.28,0.5,0,0.54,0.22,CYT
972,0.198981837,0.21161091,0.63,0.18,0.5,0,0.65484692,0.22,CYT
973,0.47,0.59,0.680141879,0.13,0.5,0,0.460680521,0.3,ME3
974,0.4,0.45,0.42,0.17,0.5,0,0.54,0.26,ME3
975,0.49,0.893909657,0.306217146,0.21,0.5,0,0.5,0.32,ME3
976,0.35,0.925912339,0.35,0.33,0.989130005,0,0.5,0.32,ME3
977,0.46,0.41,0.430077797,0.44,0.5,0.715128943,0.53,0.22,MIT
978,0.7,0.73,0.37,0.37,0.5,0,0.48,0.31,ME1
979,0.919728687,0.34,0.41,0.28,0.5,0.408365033,0.5,0.27,NUC
980,0.34,0.31,0.6,0.37,0.5,0.216383658,0.5,0.3,NUC
981,0.38,0.49,0.54,1,0.5,0.664611599,0.5,0.27,CYT
982,0.27,0.56,0.56,0.18,0.5,0,0.52,0.855795512,CYT
983,0.76,0.74,0.56,0.357673705,0.5,0,0.05493621,0.3,ME2
984,0.42,0.32,0.48,0.824030906,0.5,0,0.55,0.22,VAC
985,0.358663088,0.34,0.46,0.19,0.5,0,0.52,0.22,ME2
986,0.44,0.41,0.44,0.13,0.5,0,0.49,0.42,NUC
987,0.46,0.14,0.36,0.21,0.5,0,0.5,0.25,ME3
988,0.39,0.499579514,0.56,0.15,0.5,0,0.5,0.27,CYT
989,0.47,0.477716063,0.54,0.48,0.5,0,0.53,0.26,MIT
990,0.72,0.58,0.42,0.28,0.5,0,0.48,0.22,MIT
991,0.577200446,0.65,0.52,0.41,0.5,0,0.608112877,0.26,MIT
992,0.62,0.6,0.47,0.819079706,0.5,0,0.53,0.22,CYT
993,0.4,0.53,0.61,0.21,0.5,0,0.48,0.33,NUC
994,0.461579323,0.42,0.725293347,0.21,0.5,0,0.4,0.22,EXC
995,0.79,0.74,0.49,0.33,0.5,0,0.48,0.22,EXC
996,0.74,0.56,0.35,0.429331772,0.5,0,0.12095045,0.483427037,ME2
997,0.67,0.51,0.54,0.21,0.76238726,0,0.43,0.3,MIT
998,0.5,0.46,0.64,0.36,0.5,0,0.520862995,0.818759849,MIT
999,0.6,0.46,0.71513347,0.16,0.5,0,0.159964789,0.22,MIT
1000,0.58,0.53,0.430379712,0.46,0.5,0.203284044,0.51,0.27,MIT
1001,0.427125642,0.46,0.51,0.37,0.5,0.460249839,0.51,0.238698667,MIT
1002,0.779342498,0.4,0.57,0.12,0.5,0,0.53,0.32,NUC
1003,0.46,0.44,0.53,0.31,0.5,0,0.48,0.22,MIT
1004,0.57,0.4,0.48,0.24,0.5,0,0.728033476,0.22,CYT
1005,0.39,0.267145685,0.587605488,0.487272718,0.5,0,0.49,0.22,NUC
1006,0.43,0.4,0.5,0.18,0.5,0.363023092,0.5,0.28,CYT
1007,0.81,0.79,0.32,0.37,0.5,0,0.41,0.22,ME1
1008,0.53,0.466834534,0.51,0.49,0.5,0,0.54,0.011568643,MIT
1009,0.192230588,0.44,0.54,0.33408367,0.5,0,0.52,0.395002603,NUC
1010,0.782586631,0.34,0.55,0.24,0.5,0,0.161112918,0.22,CYT
1011,0.47,0.47,0.5,0.15,0.5,0.23773577,0.5,0.48,NUC
1012,0.48,0.49,0.45,0.23,0.5,0,0.51,0.22,ME3
1013,0.545867957,0.453484536,0.37,0.30240099,0.5,0,0.54,0.22,ME2
1014,0.28,0.48,0.56,0.16,0.5,0,0.369617866,0.26,CYT
1015,0.5,0.787913609,0.54,0.16,0.5,0.640791521,0.49,0.22,POX
1016,0.53,0.51,0.647599767,0.13,0.5,0.825312262,0.52,0.22,ME3
1017,0.37,0.42,0.6,0.13,0.5,0,0.51,0.22,NUC
1018,0.74,0.89,0.32,0.24,0.5,0.310291526,0.54,0.32,ME1
1019,0.53992984,0.46,0.58,0.3,0.5,0,0.57,0.27,NUC
1020,0.26,0.28,0.6,0.2,0.5,0,0.54,0.388062195,MIT
1021,0.906318735,0.45,0.58,0.400010256,0.5,0,0.49,0.22,MIT
1022,0.47,0.507222292,0.936220949,0.73605802,0.5,0,0.38,0.272553703,CYT
1023,0.46,0.46,0.53,0.23,0.5,0,0.51,0.460794102,CYT
1024,0.43,0.45,0.53,0.19,0.5,0,0.56,0.22,CYT
1025,0.48,0.244566033,0.58,0.26,0.5,0,0.44,0.22,NUC
1026,0.77,0.72,0.48,0.26,0.5,0.164517245,0.51,0.22,EXC
1027,0.44,0.42,0.57,0.22,0.5,0,0.5,0.25,NUC
1028,0.53,0.54,0.43,0.18,0.5,0,0.53,0.31,NUC
1029,0.38,0.45,0.37,0.19,0.5,0,0.52,0.3,ME3
1030,0.47,0.54,0.53,0.77,0.5,0,0.52,0.36,MIT
1031,0.77,0.73,0.51,0.27,0.5,0.802760341,0.34,0.22,EXC
1032,0.36,0.39,0.54,0.16,0.5,0,0.5,0.28,NUC
1033,0.37,0.48,0.5,0.26,0.5,0,0.52,0.39,NUC
1034,0.5,0.45,0.53,0.21,0.5,0,0.28,0.22,NUC
1035,0.46,0.37,0.48,0.36,0.5,0,0.48,0.22,POX
1036,0.55,0.63,0.54,0.16,0.5,0,0.45,0.206632388,CYT
1037,0.53,0.59,0.48,0.803936867,0.5,0.226855271,0.51,0.22,CYT
1038,0.33,0.39,0.653030001,0.09,0.5,0,0.47,0.28,NUC
1039,0.3,0.3,0.46,0.32,0.5,0,0.612988958,0.22,NUC
1040,0.52,0.37,0.48,0.13,0.5,0,0.55,0.22,NUC
1041,0.59,0.144696056,0.502690973,0.46,0.5,0,0.49,0.156418132,CYT
1042,0.537359244,0.17793306,0.4,0.65,0.5,0.514523595,0.49,0.22,MIT
1043,0.81,0.55,0.35,0.34,0.5,0,0.51,0.22,ME2
1044,0.53,0.45,0.53,0.18,0.5,0,0.42,0.22,CYT
1045,0.58,0.883963593,0.33,0.26,0.5,0.459147156,0.51,0.22,ME3
1046,0.43,0.46,0.752947622,0.21,0.872052217,0,0.49,0.506077236,CYT
1047,0.24,0.41,0.47,0.16,0.692370341,0,0.51,0.38,NUC
1048,0.451436214,0.39,0.53,0.14,0.61371104,0,0.43,0.26,NUC
1049,0.43,0.48,0.53,0.18,0.5,0.402828877,0.46,0.22,NUC
1050,0.897700367,0.59,0.53,0.15,0.5,0,0.345344974,0.22,NUC
1051,0.48,0.47,0.59,0.41,0.546285905,0,0.536674162,0.27,NUC
1052,0.54,0.53,0.53,0.17,0.5,0.513513508,0.51,0.39,NUC
1053,0.214797515,0.283391739,0.53,0.19,0.5,0,0.41,0.756448732,NUC
1054,0.46,0.41,0.58,0.031670873,0.5,0,0.48,0.22,NUC
1055,0.4,0.66,0.34,0.21,0.559534475,0,0.091178387,0.26,NUC
1056,0.56,0.51,0.354668264,0.445675229,0.5,0,0.48,0.22,NUC
1057,0.47,0.45,0.51,0.33,0.5,0,0.46,0.26,NUC
1058,0.38,0.4,0.59,0.25,0.924689192,0,0.44,0.22,CYT
1059,0.54,0.55,0.56926309,0.14,0.5,0,0.5,0.25,CYT
1060,0.45,0.5,0.880685102,0.29,0.5,0,0.44,0.11,CYT
1061,0.85817037,0.39,0.58,0.19,0.5,0,0.47,0.22,CYT
1062,0.34,0.824679459,0.47,0.19,0.5,0,0.060279854,0.3,NUC
1063,0.54,0.57,0.55,0.18,0.5,0.435494962,0.5,0.22,NUC
1064,0.34,0.579286656,0.48,0.32,0.995135151,0,0.42,0.333413843,NUC
1065,0.29,0.4,0.5,0.16,0.5,0,0.51,0.34,NUC
1066,0.59,0.51,0.48,0.999362043,0.579587907,0.460510273,0.54,0.31,CYT
1067,0.72,0.257171893,0.63,0.38,0.990638663,0,0.4,0.14,CYT
1068,0.63,0.64,0.518413564,0.26,0.5,0.137774145,0.43,0.22,CYT
1069,0.43,0.33,0.67,0.12,0.5,0,0.45,0.23,CYT
1070,0.38,0.43,0.53,0.22,0.5,0,0.48,0.11,CYT
1071,0.43,0.22,0.79,0.79,0.5,0.414898093,0.22,0,CYT
1072,0.35,0.21,1,0.8,0.5,0.242697163,0.034709352,0.522225309,CYT
1073,0.56,0.35,0.47,0.940505359,0.5,0.823172925,0.52,0.22,CYT
1074,0.48,0.46,0.58,0.16,0.575150323,0,0.45,0.22,CYT
1075,0.267002387,0.55,0.48,0.49940701,0.5,0,0.55,0.657922195,CYT
1076,0.78,0.82,0.56,0.737551853,0.5,0,0.69,0.22,CYT
1077,0.42,0.537579867,0.49,0.36,0.5,0,0.57,0.26,MIT
1078,0.46,0.54,0.984808857,0.41,0.532924454,0,0.53,0.042066084,CYT
1079,0.53,0.620366983,0.6,0.36,0.753353697,0,0.627774733,0.22,CYT
1080,0.37,0.3,0.383037694,0.43,0.5,0,0.44,0.019099324,CYT
1081,0.41,0.642763034,0.58,0.826136081,0.5,0,0.51,0.28,NUC
1082,0.57,0.5,0.4,0.295698012,0.5,0,0.47,0.22,ME3
1083,0.555957193,0.25,0.55,0.28,0.5,0,0.51,0.49,CYT
1084,0.59,0.360992164,0.53,0.14,0.970023994,0,0.48,0.22,CYT
1085,0.39,1,0.38,0.41,0.5,0,0.5,0.27,MIT
1086,0.39,0.46,0.611447288,0.18,0.5,0,0.53,0.22,ME3
1087,0.82134893,0.520786305,0.44,0.2,0.850058989,0,0.56,0.22,ME2
1088,0.58,0.56,0.46,0.14,0.842196557,0,0.51,0.22,CYT
1089,0.46,0.38,0.51,0.2,0.5,0,0.51,0.22,CYT
1090,0.55,0.72,0.35,0.26,0.5,0,0.49,0.22,ME3
1091,0.59,0.55,0.57,0.18,0.5,0,0.51,0.419591847,CYT
1092,0.48,0.210941579,0.5,0.24,0.5,0,0.586584749,0.38,CYT
1093,0.47,0.52,0.775330409,0.25,0.5,0,0.54,0.29,MIT
1094,0.54,0.59,0.57,0.34,0.5,0,0.49,0.22,NUC
1095,0.53,0.856249049,0.47,0.099752234,0.605736244,0,0.53,0.22,CYT
1096,0.46,0.896752004,0.56,0.321312356,0.5,0,0.43,0.22,NUC
1097,0.229554054,0.55,0.337865295,0.13,0.943554507,0,0.42,0.8,CYT
1098,0.52,0.42225764,0.760254266,0.316799801,0.5,0,0.52,0.34,ME3
1099,0.19,0.561311291,0.68,0.168189977,0.691569857,0,0.49,0.21,NUC
1100,0.47,0.56,0.51,0.2,0.5,0,0.52,0.59,NUC
1101,0.148308055,0.6,0.57,0.17,0.5,0,0.44,0.22,NUC
1102,0.45,0.57,0.38,0.28,0.5,0,0.53,0.31,ME3
1103,0.52,0.47,0.58,0.18,0.5,0,0.34,0.76364469,CYT
1104,0.57,0.55,0.51,0.18,0.5,0,0.51,0.43,NUC
1105,0.27,0.866844425,0.222329039,0.17,0.824895263,0,0.132182765,0.713316342,NUC
1106,0.52,0.45,0.45,0.13,0.5,0,0.48,0.22,NUC
1107,0.44,0.59,0.54,0.18,0.5,0,0.49,0.069027251,NUC
1108,0.23,0.13,0.51,0.16,0.5,0,0.53,0.51,NUC
1109,0.49,0.176684293,0.51,0.21,0.5,0,0.53,0.22,NUC
1110,0.6,0.62,0.54,0.783941972,0.5,0,0.328710803,0.178571032,NUC
1111,0.31,0.5,0.54,0.059280991,0.637361787,0,0.53,0.31,NUC
1112,0.246556267,0.48,0.51,0.18,0.5,0,0.52,0.27,CYT
1113,0.51,0.48,0.51,0.26,0.5,0,0.51,0.27,CYT
1114,0.38,0.464228683,0.47,0.12,0.5,0,0.47,0.53,NUC
1115,0.130553213,0.45,0.55,0.19,0.949347779,0.079829875,0.53,0.271297155,CYT
1116,0.545621028,0.82,0.46,0.392573414,0.701307059,0,0.48,0.22,EXC
1117,0.58,0.591538473,0.58,0.16,0.5,0,0.048281837,0.22,NUC
1118,0.43,0.17902317,0.41,0.356280347,0.5,0,0.52,0.22,ME3
1119,0.41,0.49,0.55,0.13,0.5,0,0.355199516,0.22,CYT
1120,0.557029243,0.29,0.46,0,0.5,0,0.43,0.31,CYT
1121,0.61,0.54,0.54,0.38,0.5,0,0.54,0.29,MIT
1122,0.55,0.38,0.52,0.16,0.5,0.121597314,0.49,0.64,NUC
1123,0.41,0.56,0.53,0.59268749,0.5,0,0.506730438,0.26,NUC
1124,0.861025462,0.4,0.31,0.17,0.519625611,0.800975615,0.52,0.22,ME3
1125,0.597059391,0.48,0.49,0.778800174,0.5,0,0.52,0.331219887,CYT
1126,0.54,0.55,0.55,0.4,0.5,0,0.53,0.22,CYT
1127,0.438794995,0.54,0.51,0.16,0.5,0,0.58,0.22,CYT
1128,0.79,0.56,0.53,0.19,0.5,0,0.47,0.35,CYT
1129,0.52,0.5,0.6,0.2,0.927959083,0.462639256,0.52,0.22,CYT
1130,0.61,0.688439635,0.5,0.337412654,0.5,0,0.5,0.22,MIT
1131,0.485827567,0.43,0.56,0.17,0.5,0,0.35,0.22,NUC
1132,0.5,0.44,0.57,0.28,0.5,0,0.57,0.22,CYT
1133,0.6,0.57,0.63,0.22,0.991983083,0,0.5,0.49,NUC
1134,0.56,0.49,0.47,0.13,0.5,0,0.52,0.22,NUC
1135,0.73,0.59,0.35,0.15,0.5,0,0.54,0.22,VAC
1136,0.6,0.37,0.52,0.15,0.5,0.535555431,0.55,0.26,VAC
1137,0.64,0.61,0.56,0.15,0.5,0,0.54,0.22,VAC
1138,0.340700348,0.56,0.52,0.146672063,0.5,0,0.5,0.22,CYT
1139,0.56,0.68,0.42,0.402043431,0.5,0.351802441,0.564991858,0.652973784,CYT
1140,0.64,0.278614213,0.52,0.17,0.5,0,0.661803269,0.47,NUC
1141,0.757447156,0.66,0.36,0.09,0.5,0,0.56,0.22,ME1
1142,0.4,0.45,0.45,0.15,0.5,0.070146233,0.53,0.48,NUC
1143,0.39,0.63,0.41,0.751003931,0.5,0.350535561,0.49,0.22,ME3
1144,0.45,0.51,0.43,0.22,0.5,0.809765812,0.57,0.22,NUC
1145,0.77,0.78,0.27,0.37,0.5,0,0.49,0.22,ME1
1146,0.57,0.53,0.6,0.28,0.5,0.053838442,0.52,0.45,NUC
1147,0.33,0.49,0.46,0.45569775,0.5,0,0.53,0.33,ME3
1148,0.28,0.41,0.46,0.18,0.5,0,0.47,0.39,NUC
1149,0.24,0.25,0.217577215,0.897756445,0.5,0.743922917,0.51,0.11,CYT
1150,0.711510945,0.41,0.37,0.18,0.958334608,0.08053929,0.54,0.31,ME3
1151,0.68802087,0.59,0.38,0.12,0.5,0,0.342107929,0.22,ME3
1152,0.59,0.48,0.49,0.49,0.5,0,0.36,0.538428467,CYT
1153,0.233849268,0.413678259,0.396356066,0.16,0.5,0,0.45,0.41,ME3
1154,0.33,0.38,0.744607204,0.14,0.5,0,0.51,0.47,NUC
1155,0.39,0.143405138,0.33,0.23,0.5,0,0.47,0.22,ME3
1156,0.86,0.797559937,0.34,0.15,0.5,0,0.53,0.22,ME2
1157,0.72,0.73,0.41,0.28,0.760664847,0,0.44,0.165366617,ME1
1158,0.46,0.62,0.46,0.54,0.5,0,0.652423229,0.27,MIT
1159,0.39,0.58,0.91625711,0.18,0.5,0,0.091936242,0.22,MIT
1160,0.38,0.47,0.47,0.18,0.5,0,0.44,0.26,MIT
1161,0.372200685,0.717645338,0.5,0.48,0.5,0,0.188609441,0.22,MIT
1162,0.6,0.61,0.54,0.90688267,0.5,0,0.46,0.22,CYT
1163,0.81,0.62,0.43,0.17,0.5,0.688071729,0.53,0.22,ME2
1164,0.49,0.39,0.52,0.29,0.5,0,0.48,0.22,EXC
1165,0.42,0.35,0.54,0.392878313,0.56680875,0,0.56,0.22,CYT
1166,0.4,0.44,0.94991616,0.47,0.5,0,0.49,0.27,NUC
1167,0.41,0.142493835,0.59,0.47,0.50250143,0,0.48,0.43,CYT
1168,0.39,0.44,0.28,0.12,0.548411691,0.131612342,0.46,0.27,ME3
1169,0.281270247,0.6,0.51,0.13,0.5,0.83,0.52,0.22,POX
1170,0.48,0.35,0.42,0.21,0.5,0,0.57,0.22,CYT
1171,0.56,0.44,0.56,0.19,0.5,0,0.54,0.22,CYT
1172,0.49,0.37,0.504573553,0.17,0.5,0,0.51,0.22,NUC
1173,0.83,0.53,0.52,0.2,0.5,0,0.102396629,0.25,ME2
1174,0.53,0.42,0.58,0.29,0.5,0,0.5,0.22,MIT
1175,0.57,0.58,0.58,0.35,0.862693253,0,0.49,0.22,MIT
1176,0.37,0.51,0.57,0.4,0.590511015,0,0.138551884,0.27,MIT
1177,0.38,0.62,0.712157889,0.14,0.5,0,0.53,0.22,CYT
1178,0.5,0.42,0.57,0.49,0.5,0,0.48,0.27,NUC
1179,0.48,0.48,0.56,0.18,0.5,0,0.58,0.41264323,CYT
1180,0.603006719,0.42,0.56,0.28,0.5,0,0.47,0.22,NUC
1181,0.53,0.51,0.54,0.21,0.561324426,0,0.45,0.22,NUC
1182,0.49,0.38,0.49,0.15,0.5,0,0.140728153,0.25,NUC
1183,0.66,0.54,0.53,0.450500859,0.5,0,0.447382294,0.809380338,CYT
1184,0.43,0.48,0.36,0.26,0.65421048,0,0.52,0.22,ME3
1185,0.46,0.61,0.55,0.097232384,0.5,0,0.593377676,0.22,MIT
1186,0.83,0.94,0.32,0.161424795,0.5,0,0.51,0.22,ME1
1187,0.64,0.62,0.49,0.15,0.5,0,0.53,0.22,MIT
1188,0.58,0.342541273,0.57,0.13,0.5,0.626793356,0.54,0.22,NUC
1189,0.55,0.5,0.66,0.36,0.5,0,0.49,0.22,MIT
1190,0.41,0.53,0.45,0.14,0.5,0,0.52,0.66,ME3
1191,0.45,0.46,0.55,0.43,0.667073112,0,0.55,0.38,NUC
1192,0.34,0.46,0.57,0.09,0.5,0,0.55,0.22,CYT
1193,0.46,0.49,0.58,0.768711704,0.84319516,0,0.44,0.22,MIT
1194,0.28,0.702738325,0.21,0.13,0.5,0,0.51,0.22,ME3
1195,0.8,0.63,0.45,0.29,0.5,0.186844778,0.381538871,0.22,EXC
1196,0.78,0.75,0.4,0.28,0.5,0,0.53,0.021403854,MIT
1197,0.64,0.57,0.57,0.27,0.824168347,0,0.37,0.609803514,CYT
1198,0.3,0.32,0.57,0.19,0.5,0,0.568747545,0.55,NUC
1199,0.45,0.51,0.5,0.82733623,0.5,0,0.52,0.480978503,NUC
1200,0.64,0.62,0.509227559,0.28,0.689796216,0,0.51,0.22,MIT
1201,0.55,0.53,0.55,0.46,0.5,0,0.057663299,0.759276403,MIT
1202,0.4,0.62,0.52,0.31,0.5,0,0.49,0.109859927,CYT
1203,0.35,0.235551272,0.54,0.16,0.5,0,0.51,0.22,NUC
1204,0.34,0.54,0.5,0.21,0.94746933,0,0.54,0.31,CYT
1205,0.48,0.54,0.5,0.696061489,0.5,0,0.53,0.22,NUC
1206,0.64,0.6,0.57,0.19,0.5,0,0.43,0.22,NUC
1207,0.39,0.55,0.48,0.31,0.5,0,0.54,0.29,CYT
1208,0.44,0.39,0.53,0.14,0.5,0,0.54,0.44,CYT
1209,0.45,0.43,0.834264055,0.24,0.5,0,0.54,0.33,CYT
1210,0.71,0.59,0.48,0.43,0.5,0.812153289,0.59,0.22,MIT
1211,0.44,0.38,0.48,0.32,0.5,0.733187259,0.53,0.22,POX
1212,0.39,0.4,0.53,0.730577524,0.5,0.186450466,0.47,0.22,CYT
1213,0.43,0.57,0.53,0.53,0.5,0,0.53,0.25,CYT
1214,0.59,0.5,0.52,0.28,0.5,0,0.55,0.67079296,CYT
1215,0.37,0.42,0.992689644,0.11,0.5,0,0.57,0.22,CYT
1216,0.75,0.187275662,0.38,0.27,0.5,0,0.49,0.22,ME1
1217,0.57,0.57,0.44,0.37,0.5,0,0.52,0.25,MIT
1218,0.5,0.41,0.44,0.5,0.5,0,0.42,0.22,MIT
1219,0.5,0.4,0.56,0.7,0.745081896,0,0.5,0.22,MIT
1220,0.67,0.946201242,0.46,0.29,0.5,0,0.46,0.22,MIT
1221,0.53,0.51,0.46,0.28,0.5,0,0.48,0.22,CYT
1222,0.47,0.54,0.37,0.14,0.5,0,0.5,0.22,ME3
1223,0.56,0.741719683,0.58,0.21,0.5,0,0.42,0.22,CYT
1224,0.34,0.36,0.54,0.11,0.5,0,0.36,0.21,NUC
1225,0.69,0.243334938,0.38,0.027278077,0.5,0,0.52,0.668066348,ME2
1226,0.37,0.905739919,0.6,0.19,0.5,0.5,0.42,0.96896342,POX
1227,0.82,0.78,0.49,0.23,0.751813691,0,0.46,0.22,EXC
1228,0.38,0.51,0.75,0.17,0.5,0,0.55,0.863412898,CYT
1229,0.53,0.44,0.51,0.33,0.5,0,0.52,0.22,MIT
1230,0.53,0.53,0.6,0.13,0.5,0,0.49,0.22,MIT
1231,0.38,0.48,0.975058041,0.22,0.588678433,0,0.46,0.22,CYT
1232,0.41,0.24,0.54,0.26,0.5,0,0.41,0.22,NUC
1233,0.47,0.65,0.54,0.62,0.5,0,0.062860502,0.36,MIT
1234,0.53,0.61,0.939958814,0.21,0.5,0,0.55,0.3,NUC
1235,0.46,0.35,0.53,0.16,0.5,0,0.51,0.025116699,CYT
1236,0.45,0.56,0.54,0.32,0.5,0,0.57,0.22,CYT
1237,0.71,0.56,0.39,0.27,0.5,0,0.52,0.22,ME2
1238,0.57,0.59,0.69964042,0.737058851,0.5,0,0.52,0.22,ME2
1239,0.36,0.46,0.443044038,0.19,0.5,0,0.48,0.22,ME3
1240,0.238118498,0.55,0.42,0.028387735,0.5,0,0.48,0.22,ME3
1241,0.81,0.82,0.41,0.36,0.5,0,0.39,0.22,EXC
1242,0.46,0.48,0.44,0.21,0.5,0,0.55,0.22,POX
1243,0.111126072,0.72,0.47,0.25,0.5,0,0.57,0.22,ME1
1244,0.172446002,0.66,0.36,0.78,0.5,0,0.442984397,0.5,ME1
1245,0.62,0.58,0.52,0.15,0.5,0,0.52,0.29,CYT
1246,0.56,0.59,0.997842752,0.16,0.5,0,0.24,0.546450564,NUC
1247,0.44,0.44,0.49,0.15,0.5,0,0.46,0.27,NUC
1248,0.35,0.68,0.57,0.4,0.5,0,0.53,0.313013392,NUC
1249,0.32,0.38,0.827783356,0.2,0.5,0,0.52,0.28,CYT
1250,0.45,0.56,0.49,0.17,0.5,0,0.52,0.22,CYT
1251,0.56,0.54,0.59,0.14,0.5,0,0.52,0.27,NUC
1252,0.43,0.51,0.54,0.15,0.933707424,0.672076813,0.45,0.26,NUC
1253,0.6,0.269119056,0.59,0.736936244,0.509937529,0,0.48,0.22,CYT
1254,0.38,0.47,0.53,0.122588064,0.5,0,0.48,0.22,CYT
1255,0.34,0.66,0.51,0.16,0.5,0.603368654,0.136003832,0.33,NUC
1256,0.6,0.527848249,0.692540567,0.52,0.5,0.003777153,0.54,0.63,NUC
1257,0.48,0.34,0.47,0.14,0.5,0,0.47,0.26,CYT
1258,0.48,0.46,0.38,0.29,0.873486066,0,0.53,0.739261437,ME3
1259,0.51,0.48,0.58,0.22,0.5,0.050686148,0.5,0.684639198,NUC
1260,0.29,0.68,0.47,0.585468437,0.5,0.121766115,0.47,0.37,NUC
1261,0.952513617,0.39,0.51,0.28,0.5,0,0.4,0.22,NUC
1262,0.61,0.54,0.49,0.16,0.547490218,0,0.54,0.42,CYT
1263,0.34,0.763718049,0.61,0.19,0.5,0.388100967,0.52,0.016251538,NUC
1264,0.37,0.62,0.911146348,0.25,0.5,0,0.51,0.22,ME3
1265,0.34,0.34,0.61,0.18,0.5,0.651143339,0.52,0.32,NUC
1266,0.34,0.4,0.3,0.23,0.5,0,0.51,0.22,ME3
1267,0.45,0.57,0.3,0.17,0.600873041,0,0.51,0.22,ME3
1268,0.5,0.53,0.45,0.44,0.5,0,0.49,0.22,MIT
1269,0.67,0.51,0.53,0.28,0.5,0,0.51,0.22,MIT
1270,0.59,0.441903585,0.46,0.14,0.5,0,0.52,0.22,MIT
1271,0.42,0.32,0.61,0.13,0.5,0,0.14,0.27,NUC
1272,0.4,0.51,0.42,0.13,0.5,0,0.45,0.25,ME3
1273,0.65,0.61,0.39,0.3,0.5,0,0.57,0.28,ME3
1274,0.85,0.56,0.33,0.38,1,0,0.55,0.25,ERL
1275,0.53,0.5,0.54,0.56,0.5,0.219022616,0.49,0.41,MIT
1276,0.36,0.35,0.47,0.22,0.5,0.159391296,0.44,0.31,ME3
1277,0.92591419,0.83,0.57,0.36,0.5,0,0.36,0.22,EXC
1278,0.613679718,0.45,0.54,0.14,0.5,0,0.5,0.31,CYT
1279,0.77,0.6,0.42,0.33,0.5,0.104028835,0.57,0.730104352,ME2
1280,0.414071262,0.414671001,0.4,0.37,0.5,0,0.54,0.307310144,ME2
1281,0.94,0.6,0.33,0.49,0.5,0.590510591,0.234808859,0.704732744,ME2
1282,0.95824748,0.38,0.51,0.24,0.5,0,0.602694157,0.33,NUC
1283,0.54,0.54,0.49,0.14,0.5,0,0.56,0.22,CYT
1284,0.53,0.44,0.47,0.22,0.5,0,0.53,0.22,NUC
1285,0.592400142,0.47,0.46,0.460061903,0.5,0,0.51,0.22,CYT
1286,0.62,0.64,0.959221742,0.2,0.5,0,0.581027248,0.33,NUC
1287,0.46,0.32,0.58,0.17446953,0.952339331,0,0.240137191,0.875669206,NUC
1288,0.661920874,0.62,0.232183871,0.18,0.5,0,0.46,0.43,NUC
1289,0.5,0.62,0.54,0.735596283,0.5,0,0.037145332,0.22,MIT
1290,0.26,0.38,0.52,0.36,0.662472457,0,0.48,0.56,NUC
1291,0.45,0.48,0.41811784,0.165804924,0.526739368,0,0.427078573,0.22,MIT
1292,0.5,0.49,0.59,0.47,0.634805884,0,0.49,0.36,MIT
1293,0.43,0.39,0.59,0.13,0.514512269,0,0.41,0.43,NUC
1294,0.6,0.59,0.45,0.23,0.5,0,0.55,0.22,MIT
1295,0.46,0.55,0.61,0.13,0.5,0,0.47,0.22,CYT
1296,0.89,0.570004999,0.41,0.26,0.5,0,0.207960254,0.31,ME2
1297,0.431839124,0.68,0.5,0.82,0.5,0,0.44,0.832808515,MIT
1298,0.51,0.42,0.56,0.38,0.5,0,0.46,0.22,MIT
1299,0.6,0.51,0.6,0.38,0.5,0.83,0.52,0.24,MIT
1300,0.778723988,0.5,0.942156912,0.49,0.5,0,0.46,0.28,MIT
1301,0.36,0.770550967,0.56,0.44,0.5,0.101546133,0.48,0.22,MIT
1302,0.55,0.5,0.211507514,0.31,0.5,0,0.606613157,0.27,MIT
1303,0.65,0.53,0.55,0.52,0.5,0,0.47,0.27,MIT
1304,0.58,0.53,0.5,0.53,0.5,0,0.47,0.31,MIT
1305,0.4,0.74,0.49,0.16,0.5,0,0.51,0.22,MIT
1306,0.51,0.56,0.51,0.42,0.5,0,0.53,0.36,MIT
1307,0.693123722,0.472192656,0.62,0.12,0.5,0,0.719457522,0.28,NUC
1308,0.63,0.771773465,0.5,0.27,0.5,0,0.55,0.22,MIT
1309,0.61,0.59,0.47,0.244498076,0.5,0,0.54,0.22,MIT
1310,0.58,0.38,0.4,0.21,0.5,0,0.5,0.22,CYT
1311,0.53,0.41,0.735429739,0.24,1,0,0.47,0.22,CYT
1312,0.58,0.56,0.52,0.25,0.5,0.299836714,0.57,0.35,NUC
1313,0.49,0.6,0.55,0.17,0.5,0,0.44,0.22,CYT
1314,0.56,0.63,0.32080944,0.2,0.5,0,0.34,0.26,NUC
1315,0.37,0.41,0.45,0.14,0.5,0,0.47,0.22,CYT
1316,0.99797742,0.135371236,0.44,0.27,0.5,0,0.51,0.22,CYT
1317,0.662074436,0.34,0.688177286,0.13,0.5,0,0.49,0.26,NUC
1318,0.64,0.76,0.51,0.18,0.5,0.260815951,0.46,0.22,NUC
1319,0.7,0.779694439,0.47,0.44322049,0.800185902,0,0.634688008,0.25,NUC
1320,0.25,0.36,0.58,0.3,0.5,0,0.243515668,0.31,NUC
1321,0.41,0.49,0.415846062,0.22,0.5,0.199362418,0.52,0.22,MIT
1322,0.56,0.48,0.5,0.3,0.5,0,0.51,0.22,CYT
1323,0.56,0.68,0.52,0.632508443,0.5,0,0.544868486,0.22,MIT
1324,0.5,0.57,0.62,0.25,0.5,0,0.51,0.22,MIT
1325,0.41,0.48,0.54,0.24,0.5,0,0.37,0.51,NUC
1326,0.74,0.72,0.5,0.28,0.5,0,0.49,0.196934789,EXC
1327,0.31,0.3,0.34,0.19,0.5,0,0.55,0.3,ME3
1328,0.886748992,0.940295843,0.51,0.28,0.5,0,0.33,0.22,EXC
1329,0.49,0.6,0.3,0.34,0.5,0.172998249,0.5,0.43,ME3
1330,0.37,0.51,0.39,0.18,0.5,0,0.51,0.27,ME3
1331,0.27,0.551873267,0.36,0.26,0.5,0,0.386238,0.26,ME3
1332,0.25,0.39,0.5,0.23,0.5,0,0.31893691,0.28,NUC
1333,0.351777562,0.69490455,0.6,0.086179008,0.5,0,0.48,0.44,NUC
1334,0.33,0.21,0.53,0.15,1,0,0.52,0.5,NUC
1335,0.49,0.45,0.57,0.24,0.829849582,0,0.47,0.38,NUC
1336,0.850879396,0.188340164,0.48,0.06,0.5,0,0.49,0.42,NUC
1337,0.45,0.45,0.52,0.17,0.5,0,0.54,0.22,CYT
1338,0.28,0.51,0.787844376,0.19,0.5,0.074040979,0.693196256,0.22,CYT
1339,0.45,0.27,0.5,0.33,0.5,0,0.681545728,0.26,CYT
1340,0.36,0.33,0.554955998,0.15,0.5,0,0.55,0.36,ME3
1341,0.46,0.43,0.5,0.24,0.5,0,0.48,0.31,CYT
1342,0.68,0.53,0.263501049,0.31,0.5,0,0.51,0.2096051,MIT
1343,0.39,0.613503829,0.418858101,0.08,0.5,0,0.51,0.27,NUC
1344,0.47,0.95662355,0.48,0.469604197,0.5,0,0.46,0.318453753,NUC
1345,0.52,0.5,0.51,0.2,0.703991649,0,0.51,0.22,NUC
1346,0.36,0.48,0.5,0.599451006,0.5,0,0.024953178,0.6,NUC
1347,0.31,0.39,0.55,0.04387156,0.5,0,0.46,0.31,NUC
1348,0.51,0.61,0.5,0.23,0.5,0,0.52,0.61,NUC
1349,0.4,0.6,0.5,0.16,0.629994379,0.602913252,0.307211139,0.979167196,CYT
1350,0.53,0.46,0.54,0.37,0.5,0,0.495607063,0.3,NUC
1351,0.45,0.66,0.39,0.11,0.5,0.120120416,0.087333989,0.22,ME3
1352,0.55,0.45,0.58,0.25,0.5,0,0.49,0.94750077,NUC
1353,0.45,0.52,0.5,0.12,0.5,0,0.6,0.22,CYT
1354,0.56,0.49,0.54,0.15,0.5,0,0.5,0.35,NUC
1355,0.38,0.44,0.55,0.44,0.5,0,0.47,0.51,NUC
1356,0.27,0.31,0.55,0.135080134,0.5,0,0.5,0.22,NUC
1357,0.5,0.904336181,0.76980027,0.25,0.5,0,0.42,0.22,NUC
1358,0.316954349,0.51,0.48,0.12,0.5,0.054382069,0.54,0.596181863,CYT
1359,0.616077179,0.48,0.56,0.19,0.5,0,0.53,0.31,CYT
1360,0.37,0.535245704,0.64,0.48,0.5,0,0.478113329,0.27,CYT
1361,0.63,0.64,0.45,0.26,0.5,0.603123437,0.43,0.22,CYT
1362,0.35,0.853121118,0.815610584,0.8,0.5,0,0.13,0.01,CYT
1363,0.56,0.35,0.47,0.41,0.5,0.705837753,0.5,0.22,CYT
1364,0.52,0.43,0.61,0.22,0.5,0,0.09304959,0.563498894,CYT
1365,0.52,0.963041513,0.61,0.22,0.56606701,0,0.495143427,0.22,CYT
1366,0.32,0.44,0.54,0.21,0.5,0,0.4,0.19,CYT
1367,0.48,0.41,0.52,0.33,0.803694043,0,0.51,0.26,CYT
1368,0.46,0.54,0.59,0.41,0.712712651,0,0.53,0.21,CYT
1369,0.38,0.5,0.52,0.44,0.5,0,0.54,0.11,CYT
1370,0.37,0.426249878,0.62,0.43,0.5,0,0.44,0.39,CYT
1371,0.77,0.597250174,0.44,0.27,0.5,0.785735601,0.48,0.22,ME1
1372,0.112051111,0.48,0.48,0.23,0.5,0,0.53,0.319774109,CYT
1373,0.50288318,0.54,0.47,0.49,0.5,0,0.54,0.267632926,MIT
1374,0.49,0.38,0.56,0.09,0.5,0.336756282,0.46,0.22,CYT
1375,0.41,0.49,0.835727698,0.09,0.5,0.61527082,0.49,0.623993659,CYT
1376,0.133621243,0.4,0.56,0.17,0.5,0,0.56,0.22,CYT
1377,0.39,0.71,0.498389084,0.14,0.5,0,0.5,0.22,ME2
1378,0.408676014,0.3,0.63,0.2,0.5,0,0.43,0.47,CYT
1379,0.49054012,0.82,0.4,0.231901472,0.5,0,0.38,0.22,ME1
1380,0.42,0.28,0.33,0.23,0.5,0,0.39,0.236048226,ME3
1381,0.8579003,0.37,0.46,0.28,0.5,0,0.208614407,0.99,NUC
1382,0.48,0.5,0.47,0.38358363,0.5,0,0.46,0.27,NUC
1383,0.49,0.49,0.52,0.18,0.5,0,0.51,0.25,NUC
1384,0.56,0.479049054,0.45,0.713100373,0.5,0.518362375,0.54,0.22,MIT
1385,0.7,0.57,0.34,0.19,0.5,0,0.577367083,0.27,ME2
1386,0.113448007,0.44,0.53,0.18,0.5,0,0.47,0.29,NUC
1387,0.461837557,0.28,0.564798347,0.792646766,0.5,0,0.55,0.34,NUC
1388,0.47,0.5,0.394560078,0.22,0.5,0,0.53,0.45,NUC
1389,0.33,0.47,0.55,0.24,0.5,0,0.191879937,0.547808087,NUC
1390,0.55,0.4,0.62,0.22,0.5,0.456941424,0.37,0.28,NUC
1391,0.651019919,0.47,0.58,0.4,0.892366676,0,0.46,0.27,MIT
1392,0.46,0.5,0.5,0.28,0.5,0,0.5,0.37,NUC
1393,0.38,0.679135873,0.46,0.21,0.5,0,0.52,0.22,NUC
1394,0.55,0.47,0.53,0.2,0.5,0,0.360843487,0.602088875,NUC
1395,0.47,0.32,0.51,0.097426355,0.5,0,0.54,0.27,NUC
1396,0.61,0.5,0.231222373,0.21,0.5,0,0.55,0.54,CYT
1397,0.52,0.56,0.663649043,0.16,0.5,0,0.53,0.39,CYT
1398,0.41,0.42,0.23,0.16,0.641224091,0,0.4,0.22,ME3
1399,0.4,0.65,0.38,0.17,0.5,0.193783468,0.089850633,0.22,ME3
1400,0.36,0.37,0.63,0.25,0.5,0,0.3,0.991611364,CYT
1401,0.49,0.55,0.41,0.19,0.798765687,0,0.48,0.31,ME3
1402,0.88,0.72,0.32,0.3,0.5,0,0.52,0.33,ME1
1403,0.290349263,0.18,0.72,0.26,0.5,0,0.49,0.25,MIT
1404,0.58,0.43,0.32,0.578878394,0.5,0.03100302,0.49,0.22,VAC
1405,0.844836961,0.76,0.58,0.22,0.5,0,0.49,0.20471309,EXC
1406,0.51,0.59,0.55,0.21,0.5,0,0.52,0.22,CYT
1407,0.5,0.49,0.46,0.22,0.852113045,0,0.53,0.25,CYT
1408,0.62,0.42,0.47,0.16,0.5,0,0.52,0.22,CYT
1409,0.5,0.45,0.52,0.21356877,0.5,0,0.52,0.22,CYT
1410,0.686245774,0.51,0.47,0.21,0.5,0,0.344863088,0.22,CYT
1411,0.587177155,0.48,0.52,0.24,0.5,0,0.5,0.22,CYT
1412,0.57,0.35,0.5,0.43,0.5,0,0.53,0.136033596,CYT
1413,0.49,0.51,0.486632187,0.13,0.5,0,0.51,0.33,NUC
1414,0.63,0.43,0.906731209,0.11,0.5,0,0.51,0.22,CYT
1415,0.63,0.146009005,0.48,0.11,0.65433624,0,0.51,0.22,CYT
1416,0.55,0.79,0.45,0.25,0.5,0,0.51,0.22,NUC
1417,0.31,0.31,0.57,0.15,0.5,0,0.5,0.22,CYT
1418,0.406992782,0.36,0.930561245,0.26,0.5,0,0.55,0.22,CYT
1419,0.47,0.56,0.407360399,0.19,0.5,0,0.44,0.800284619,CYT
1420,0.4,0.56,0.53,0.15,0.945013623,0,0.49,0.22,CYT
1421,0.44,0.49,0.931901494,0.27,0.5,0.340958286,0.52,0.22,CYT
1422,0.907341776,0.46,0.54,0.299164536,0.809570563,0,0.342096611,0.22,CYT
1423,0.59,0.48,0.41,0.53,0.5,0,0.48,0.56,ME3
1424,0.33,0.46,0.53,0.12,0.5,0,0.5,0.27,CYT
1425,0.5,0.959061669,0.48,0.34,0.5,0.767319486,0.52,0.27,NUC
1426,0.36,0.52,0.713436392,0.33,0.5,0,0.52,0.37,NUC
1427,0.52,0.51,0.48,0.517511616,0.5,0,0.268099065,0.305239194,CYT
1428,0.47,0.46,0.49,0.27,0.5,0,0.59,0.22,CYT
1429,0.55,0.44,0.5,0.09,0.5,0,0.55,0.22,VAC
1430,0.66,0.37,0.6,0.25,0.5,0,0.69,0.22,MIT
1431,0.51,0.49,0.48,0.55,0.5,0.065947228,0.248122344,0.58,CYT
1432,0.68,0.68,0.35,0.606706517,0.5,0,0.323118797,0.22,VAC
1433,0.240137568,0.54,0.32,0.15,0.5,0.181975747,0.52,0.25,VAC
1434,0.46,0.52,0.51,0.13,0.836755244,0.263998081,0.47,0.499906762,CYT
1435,0.53,0.52,0.49,0.27,0.5,0,0.551112809,0.22,CYT
1436,0.54,0.44,0.38,0.22,0.536349367,0,0.54,0.3,ME3
1437,0.8,0.82,0.553974473,0.31,0.5,0,0.57,0.25,ME1
1438,0.4,0.4,0.43,0.19,0.803024375,0.83,0.48,0.22,POX
1439,0.77,0.625918674,0.37,0.113500293,0.5,0,0.49,0.26,ME1
1440,0.47,0.61,0.264364901,0.27,0.5,0,0.5,0.3,ME3
1441,0.55,0.35,0.36,0.843468281,0.5,0,0.51,0.22,ME3
1442,0.32,0.45,0.39,0.14,0.5,0,0.45,0.22,ME3
1443,0.63,0.65,0.42,0.18,0.5,0,0.54,0.27,ME3
1444,0.47,0.4,0.63,0.19,0.5,0.094188583,0.52,0.32,NUC
1445,0.38,0.44,0.57,0.14,0.5,0,0.53,0.52,NUC
1446,0.63,0.71,0.44,0.53,0.5,0,0.52,0.22,ME2
1447,0.51,0.59,0.46,0.13,0.5,0,0.48,0.22,MIT
1448,0.34,0.24,0.51,0.15,0.5,0,0.54,0.4,NUC
1449,0.38,0.4,0.39,0.294974472,0.5,0,0.46,0.62,NUC
1450,0.59,0.67,0.54,0.19,0.5,0,0.48,0.6,NUC
1451,0.902965141,0.4,0.66,0.35,0.5,0.625307934,0.43,0.11,CYT
1452,0.65,0.54,0.54,0.13,0.5,0,0.53,0.22,CYT
1453,0.48,0.42,0.52,0.24,0.5,0.609765223,0.56,0.22,CYT
1454,0.58,0.51,0.49,0.27,0.5,0,0.57,0.29,CYT
1455,0.63,0.57,0.59,0.4,0.5,0,0.712784858,0.22,MIT
1456,0.48,0.23,0.57,0.27,0.5,0,0.48,0.47,NUC
1457,0.59,0.920630139,0.49,0.43,0.5,0,0.53,0.31,MIT
1458,0.37,0.46,0.4,0.005901691,0.5,0,0.45,0.22,NUC
1459,0.42,0.31,0.62,0.12,0.5,0,0.4,0.22,MIT
1460,0.8,0.46,0.5,0.15,0.5,0,0.53,0.22,CYT
1461,0.35,0.39,0.57,0.11,0.604308276,0.707986442,0.48,0.22,NUC
1462,0.29,0.43,0.4,0.15,0.5,0,0.53,0.22,ME3
1463,0.4,0.34,0.52,0.17,0.5,0,0.47,0.51,NUC
1464,0.438826735,0.34,0.58,0.24,0.5,0,0.44,0.18,NUC
1465,0.37,0.18100521,0.64,0.35,0.5,0.591360982,0.47,0.22,NUC
1466,0.66,0.62,0.52,0.17,0.5,0,0.49,0.22,CYT
1467,0.3,0.5,0.34,0.26,0.5,0,0.563873034,0.22,ME3
1468,0.75,0.66,0.64,0.39,0.5,0,0.46,0.32,MIT
1469,0.31,0.899308775,0.48,0.17,0.5,0,0.49,0.53,NUC
1470,0.28,0.46,0.26,0.18,0.5,0,0.39,0.22,VAC
1471,0.45,0.53,0.47,0.43,0.65775613,0,0.5,0.27,MIT
1472,0.647065764,0.7,0.5,0.3,0.5,0,0.54,0.22,VAC
1473,0.61,0.46,0.54,0.11,0.5,0,0.47,0.554337092,CYT
1474,0.38,0.38,0.54,0.310362393,0.5,0,0.54,0.22,NUC
1475,0.41,0.49,0.65,0.28,0.5,0,0.59,0.57,CYT
1476,0.346166958,0.44,0.35,0.19,0.5,0,0.51,0.27,ME3
1477,0.64,0.31,0.53,0.15,0.5,0,0.53,0.31,CYT
1478,0.248414867,0.42509729,0.39,0.23,0.5,0,0.5,0.22,ME3
1479,0.209446909,0.43,0.48,0.27,0.5,0,0.44,0.41,CYT
1480,0.56,0.46,0.51,0.25,0.5,0,0.54,0.22,CYT
1481,0.4,0.43,0.49,0.17,0.511228859,0,0.51,0.539726823,NUC
1482,0.647888627,0.29,0.46,0.14,0.669436247,0,0.54,0.66,NUC
1483,0.67,0.57,0.36,0.19,0.5,0.419089297,0.56,0.22,ME2
